Date,Station,SO2,NO2,CO,PM2.5,PM10,AQI Index,AQI Value,Prominent Pollutant
01-Jan,Kodungaiyur,17,14,-,33,137,Moderate,124,PM10
01-Jan,Koyambedu,15,25,-,82,149,Moderate,175,PM2.5
01-Jan,Perungudi,3,8,0.5,87,143,Moderate,190,PM2.5
01-Jan,Royapuram,3,17,0.7,76,100,Moderate,153,PM2.5
01-Jan,Manali,,,,,N/A (PC Issue),,,
02-Jan,Kodungaiyur,16,12,-,22,96,Satisfactory,96,PM10
02-Jan,Koyambedu,7,22,-,58,116,Moderate,111,PM10
02-Jan,Perungudi,3,8,0.5,62,105,Moderate,106,PM2.5
02-Jan,Royapuram,2,15,0.5,49,71,Moderate,82,PM2.5
02-Jan,Manali,12,7,0.7,50,87,Satisfactory,87,PM10
03-Jan,Kodungaiyur,17,14,-,27,118,Moderate,112,PM10
03-Jan,Koyambedu,6,27,-,58,102,Moderate,102,PM10
03-Jan,Perungudi,3,12,0.5,69,126,Moderate,129,PM2.5
03-Jan,Royapuram,3,17,0.6,62,95,Moderate,106,PM2.5
03-Jan,Manali,10,5,0.7,51,61,Satisfactory,85,PM2.5
04-Jan,Kodungaiyur,16,13,-,22,93,Satisfactory,93,PM10
04-Jan,Koyambedu,8,25,-,58,113,Moderate,108,PM10
04-Jan,Perungudi,3,8,-,55,98,Satisfactory,98,PM10
04-Jan,Royapuram,3,16,0.6,45,66,Satisfactory,74,PM2.5
04-Jan,Manali,8,5,0.8,48,70,Satisfactory,80,PM2.5
05-Jan,Kodungaiyur,18,16,0.8,20,77,Satisfactory,77,PM10
05-Jan,Koyambedu,7,31,-,53,81,Satisfactory,89,PM2.5
05-Jan,Perungudi,2,9,0.6,61,81,Moderate,102,PM2.5
05-Jan,Royapuram,4,23,0.6,48,76,Satisfactory,80,PM2.5
05-Jan,Manali,13,7,0.8,52,72,Satisfactory,87,PM2.5
06-Jan,Kodungaiyur,44,14,0.6,13,58,,58,PM10
06-Jan,Koyambedu,9,19,-,30,67,Satisfactory,67,PM10
06-Jan,Perungudi,3,9,0.4,28,48,Good,48,PM10
06-Jan,Royapuram,3,12,0.4,21,46,Good,46,PM10
06-Jan,Manali,12,4,0.7,57,68,,68,PM10
07-Jan,Kodungaiyur,14,15,0.6,13,47,,47,PM10
07-Jan,Koyambedu,6,23,-,31,70,Satisfactory,70,PM10
07-Jan,Perungudi,3,9,0.5,18,39,Good,39,PM10
07-Jan,Royapuram,2,17,0.5,19,41,Good,41,PM10
07-Jan,Manali,10,7,0.7,45,70,,75,PM2.5
08-Jan,Kodungaiyur,19,17,0.6,8,32,Good,32,PM10
08-Jan,Koyambedu,4,19,-,28,57,Satisfactory,57,PM10
08-Jan,Perungudi,2,8,0.4,16,31,Good,31,PM10
08-Jan,Royapuram,2,14,0.5,14,25,Good,25,PM10
08-Jan,Manali,9,5,0.7,42,68,Satisfactory,68,PM10
09-Jan,Kodungaiyur,13,9,0.6,18,66,Satisfactory,66,PM10
09-Jan,Koyambedu,4,16,-,42,78,Satisfactory,78,PM10
09-Jan,Perungudi,3,9,0.4,45,78,Satisfactory,78,PM10
09-Jan,Royapuram,3,13,0.5,38,57,Satisfactory,63,PM2.5
09-Jan,Manali,14,9,0.7,46,59,Satisfactory,59,PM10
10-Jan,Kodungaiyur,14,9,0.6,17,70,Satisfactory,70,PM10
10-Jan,Koyambedu,4,15,-,46,91,Satisfactory,91,PM10
10-Jan,Perungudi,2,8,0.4,42,80,Satisfactory,80,PM10
10-Jan,Royapuram,2,15,0.5,36,64,Satisfactory,64,PM10
10-Jan,Manali,12,7,0.8,52,55,Satisfactory,87,PM2.5
11-Jan,Kodungaiyur,41,12,0.5,20,93,,93,PM10
11-Jan,Koyambedu,6,21,0.6,46,92,,92,PM10
11-Jan,Perungudi,3,8,0.6,53,94,,94,PM10
11-Jan,Royapuram,3,14,0.5,44,70,,74,PM2.5
11-Jan,Manali,18,3,0.7,47,85,Satisfactory,85,PM10
12-Jan,Kodungaiyur,47,14,0.6,28,122,,114,PM10
12-Jan,Koyambedu,10,19,0.4,63,125,Moderate,117,PM10
12-Jan,Perungudi,3,9,0.5,66,106,Satisfactory,94,PM10
12-Jan,Royapuram,2,14,0.5,55,72,Satisfactory,91,PM2.5
12-Jan,Manali,20,18,0.9,63,88,,88,PM10
13-Jan,Kodungaiyur,14,13,0.6,31,135,,123,PM10
13-Jan,Koyambedu,10,19,0.4,74,143,Moderate,147,PM2.5
13-Jan,Perungudi,3,8,0.6,85,139,Moderate,182,PM2.5
13-Jan,Royapuram,3,16,0.7,70,95,Moderate,135,PM2.5
13-Jan,Manali,22,3,0.9,74,80,,149,PM10
14-Jan,Kodungaiyur,14,18,0.7,84,225,Moderate,183,PM10
14-Jan,Koyambedu,10,24,-,89,242,Moderate,197,PM2.5
14-Jan,Perungudi,2,12,0.8,85,241,Moderate,194,PM2.5
14-Jan,Royapuram,3,19,0.9,75,217,Moderate,178,PM10
14-Jan,Manali,12,7,0.9,89,241,Moderate,197,PM2.5
15-Jan,Kodungaiyur,11,12,0.6,33,137,Moderate,125,PM10
15-Jan,Koyambedu,3,15,-,74,136,Moderate,148,PM2.5
15-Jan,Perungudi,3,10,0.6,84,163,Moderate,180,PM2.5
15-Jan,Royapuram,2,15,0.8,75,102,Moderate,150,PM2.5
15-Jan,Manali,10,5,0.8,84,193,Moderate,180,PM2.5
16-Jan,Kodungaiyur,12,11,0.6,23,97,Satisfactory,97,PM10
16-Jan,Koyambedu,4,21,-,54,106,Moderate,104,PM10
16-Jan,Perungudi,2,9,0.5,63,104,Moderate,112,PM2.5
16-Jan,Royapuram,2,18,0.5,34,54,Satisfactory,57,PM2.5
16-Jan,Manali,11,4,0.6,73,109,Moderate,143,PM2.5
17-Jan,Kodungaiyur,8,11,0.6,12,58,Satisfactory,58,PM10
17-Jan,Koyambedu,4,15,-,26,57,Satisfactory,57,PM10
17-Jan,Perungudi,3,8,0.4,29,73,Satisfactory,75,PM2.5
17-Jan,Royapuram,3,14,0.5,21,33,Good,35,PM2.5
17-Jan,Manali,13,7,0.8,42,55,Satisfactory,70,PM2.5
18-Jan,Kodungaiyur,4,13,0.6,16,73,Satisfactory,73,PM10
18-Jan,Koyambedu,10,22,-,34,81,Satisfactory,81,PM10
18-Jan,Perungudi,3,8,0.6,30,80,Satisfactory,80,PM10
18-Jan,Royapuram,2,17,0.5,28,45,Good,47,PM2.5
18-Jan,Manali,10,5,0.9,67,85,Moderate,123,PM2.5
19-Jan,Kodungaiyur,3,11,0.5,17,74,Satisfactory,74,PM10
19-Jan,Koyambedu,7,18,-,30,62,Satisfactory,62,PM10
19-Jan,Perungudi,3,8,0.6,31,78,Satisfactory,78,PM10
19-Jan,Royapuram,2,17,0.5,33,47,Satisfactory,55,PM2.5
19-Jan,Manali,9,6,0.9,79,95,Moderate,163,PM2.5
20-Jan,Kodungaiyur,3,11,0.6,18,79,Satisfactory,79,PM10
20-Jan,Koyambedu,9,20,-,38,81,Satisfactory,81,PM10
20-Jan,Perungudi,3,9,0.4,36,75,Satisfactory,75,PM10
20-Jan,Royapuram,2,17,0.5,32,51,Satisfactory,53,PM2.5
20-Jan,Manali,11,5,0.9,69,87,Moderate,130,PM2.5
21-Jan,Kodungaiyur,3,11,0.6,17,72,Satisfactory,72,PM10
21-Jan,Koyambedu,5,19,-,31,67,Satisfactory,67,PM10
21-Jan,Perungudi,3,9,0.5,32,85,Satisfactory,85,PM10
21-Jan,Royapuram,2,17,0.5,28,50,Satisfactory,50,PM10
21-Jan,Manali,9,4,0.9,55,77,Satisfactory,92,PM2.5
22-Jan,Kodungaiyur,3,11,0.6,16,71,Satisfactory,71,PM10
22-Jan,Koyambedu,5,15,-,26,56,Satisfactory,56,PM10
22-Jan,Perungudi,3,9,0.7,30,67,Satisfactory,67,PM10
22-Jan,Royapuram,2,15,0.5,24,35,Good,39,PM2.5
22-Jan,Manali,10,6,0.9,49,59,Satisfactory,82,PM2.5
23-Jan,Kodungaiyur,2,10,0.6,16,70,Satisfactory,70,PM10
23-Jan,Koyambedu,3,15,-,32,62,Satisfactory,62,PM10
23-Jan,Perungudi,2,9,0.5,32,69,Satisfactory,69,PM10
23-Jan,Royapuram,2,15,0.4,26,37,Good,44,PM2.5
23-Jan,Manali,11,6,0.9,56,58,Satisfactory,93,PM2.5
24-Jan,Kodungaiyur,5,16,0.7,21,93,Satisfactory,93,PM10
24-Jan,Koyambedu,3,23,-,42,89,Satisfactory,89,PM10
24-Jan,Perungudi,3,9,0.5,52,125,Moderate,117,PM10
24-Jan,Royapuram,3,20,0.6,36,65,Satisfactory,65,PM10
24-Jan,Manali,,,,,N/A (Due to PC Issue),,,
25-Jan,Kodungaiyur,5,14,0.7,18,79,Satisfactory,79,PM10
25-Jan,Koyambedu,4,23,-,44,93,Satisfactory,93,PM10
25-Jan,Perungudi,3,9,0.7,55,137,Moderate,125,PM10
25-Jan,Royapuram,2,20,0.5,28,55,Satisfactory,55,PM10
25-Jan,Manali,12,7,0.9,59,70,Satisfactory,98,PM2.5
26-Jan,Kodungaiyur,6,12,0.6,20,87,Satisfactory,87,PM10
26-Jan,Koyambedu,5,18,-,38,80,Satisfactory,80,PM10
26-Jan,Perungudi,2,11,0.5,48,118,Moderate,112,PM10
26-Jan,Royapuram,3,17,0.6,37,66,Satisfactory,66,PM10
26-Jan,Manali,11,6,0.8,54,60,Satisfactory,90,PM2.5
27-Jan,Kodungaiyur,7,12,0.6,18,76,Satisfactory,76,PM10
27-Jan,Koyambedu,10,17,-,62,89,Moderate,107,PM2.5
27-Jan,Perungudi,3,11,0.6,34,73,Satisfactory,73,PM10
27-Jan,Royapuram,2,13,0.5,28,50,Satisfactory,50,PM10
27-Jan,Manali,13,8,0.8,44,56,Satisfactory,77,PM2.5
28-Jan,Kodungaiyur,5,7,0.6,15,61,Satisfactory,61,PM10
28-Jan,Koyambedu,4,12,-,36,60,Satisfactory,60,PM10
28-Jan,Perungudi,3,10,0.5,32,75,Satisfactory,75,PM10
28-Jan,Royapuram,2,21,0.5,29,50,Good,50,PM10
28-Jan,Manali,12,9,0.9,41,48,Satisfactory,68,PM2.5
29-Jan,Kodungaiyur,4,9,0.6,18,93,Satisfactory,93,PM10
29-Jan,Koyambedu,9,13,-,54,96,Satisfactory,96,PM10
29-Jan,Perungudi,2,9,0.7,50,93,Satisfactory,93,PM10
29-Jan,Royapuram,2,14,0.5,41,68,Satisfactory,68,PM10
29-Jan,Manali,10,4,0.9,62,86,Moderate,107,PM2.5
30-Jan,Kodungaiyur,10,14,0.6,26,129,Moderate,119,PM10
30-Jan,Koyambedu,19,20,-,52,108,Moderate,105,PM10
30-Jan,Perungudi,3,8,0.5,48,101,Moderate,101,PM10
30-Jan,Royapuram,2,17,0.6,53,99,Satisfactory,99,PM10
30-Jan,Manali,13,8,0.8,88,135,Moderate,193,PM2.5
31-Jan,Kodungaiyur,7,13,0.6,17,84,Satisfactory,84,PM10
31-Jan,Koyambedu,9,19,-,32,77,Satisfactory,77,PM10
31-Jan,Perungudi,3,8,0.6,33,83,Satisfactory,83,PM10
31-Jan,Royapuram,3,16,0.6,33,63,Satisfactory,63,PM10
31-Jan,Manali,11,6,0.9,78,94,Moderate,160,PM2.5
01-Feb,Kodungaiyur,4,10,0.5,14,59,,59,PM10
01-Feb,Koyambedu,5,15,0.5,25,60,,60,PM10
01-Feb,Perungudi,3,8,0.6,29,64,,64,PM10
01-Feb,Royapuram,3,18,0.5,17,34,,34,PM10
01-Feb,Manali,13,22,0.5,52,68,Satisfactory,87,PM2.5
02-Feb,Kodungaiyur,3,8,0.7,26,41,Good,41,PM10
02-Feb,Koyambedu,3,9,0.9,12,43,Good,43,PM10
02-Feb,Perungudi,2,8,0.7,13,35,Good,35,PM10
02-Feb,Royapuram,3,12,0.4,21,39,Good,39,PM10
02-Feb,Manali,27,16,0.9,35,57,Satisfactory,59,PM2.5
03-Feb,Kodungaiyur,4,8,0.6,13,49,Good,49,PM10
03-Feb,Koyambedu,3,10,0.6,17,52,Satisfactory,52,PM10
03-Feb,Perungudi,2,13,0.7,18,48,Good,48,PM10
03-Feb,Royapuram,2,12,0.4,12,24,Good,24,PM10
03-Feb,Manali,24,2,0.1,51,76,Satisfactory,76,PM10
04-Feb,Kodungaiyur,3,9,0.6,12,46,Good,46,PM10
04-Feb,Koyambedu,4,14,-,21,52,Satisfactory,52,PM10
04-Feb,Perungudi,2,9,0.5,19,60,Satisfactory,60,PM10
04-Feb,Royapuram,3,12,0.5,13,25,Good,25,PM10
04-Feb,Manali,11,6,0.9,46,84,Satisfactory,84,PM10
05-Feb,Kodungaiyur,4,9,0.6,13,57,Satisfactory,57,PM10
05-Feb,Koyambedu,5,14,-,23,54,Satisfactory,54,PM10
05-Feb,Perungudi,3,9,0.5,21,59,Satisfactory,59,PM10
05-Feb,Royapuram,3,13,0.4,19,42,Good,42,PM10
05-Feb,Manali,13,8,0.8,59,104,Moderate,103,PM10
06-Feb,Kodungaiyur,4,11,0.6,20,85,Satisfactory,85,PM10
06-Feb,Koyambedu,5,16,-,45,86,Satisfactory,86,PM10
06-Feb,Perungudi,3,9,0.5,50,99,Satisfactory,99,PM10
06-Feb,Royapuram,2,17,0.5,43,72,Satisfactory,72,PM10
06-Feb,Manali,12,-,0.9,70,108,Moderate,133,PM2.5
07-Feb,Kodungaiyur,5,14,0.7,26,113,Moderate,109,PM10
07-Feb,Koyambedu,15,20,-,59,103,Moderate,102,PM10
07-Feb,Perungudi,3,9,0.8,63,123,Moderate,115,PM10
07-Feb,Royapuram,3,17,0.6,57,92,Satisfactory,95,PM2.5
07-Feb,Manali,13,14,0.9,75,106,Moderate,150,PM2.5
08-Feb,Kodungaiyur,4,15,0.6,19,88,Satisfactory,88,PM10
08-Feb,Koyambedu,3,22,-,44,92,Satisfactory,92,PM10
08-Feb,Perungudi,2,9,0.5,49,128,Moderate,119,PM10
08-Feb,Royapuram,3,16,0.6,38,70,Satisfactory,70,PM10
08-Feb,Manali,13,9,0.8,55,87,Satisfactory,92,PM2.5
09-Feb,Kodungaiyur,5,13,0.6,20,83,Satisfactory,83,PM10
09-Feb,Koyambedu,9,16,-,32,76,Satisfactory,76,PM10
09-Feb,Perungudi,2,11,0.4,37,88,Satisfactory,88,PM10
09-Feb,Royapuram,3,14,0.5,28,61,Satisfactory,61,PM10
09-Feb,Manali,11,7,0.9,50,69,Satisfactory,83,PM2.5
11-Feb,Kodungaiyur,4,8,0.6,20,92,Satisfactory,92,PM10
11-Feb,Koyambedu,3,12,-,50,94,Satisfactory,94,PM10
11-Feb,Perungudi,2,11,0.4,53,105,Moderate,103,PM10
11-Feb,Royapuram,2,16,0.5,46,78,Satisfactory,78,PM10
11-Feb,Manali,14,22,0.9,89,101,Moderate,197,PM2.5
12-Feb,Kodungaiyur,5,10,0.6,18,84,Satisfactory,84,PM10
12-Feb,Koyambedu,4,13,-,36,82,Satisfactory,82,PM10
12-Feb,Perungudi,3,9,0.4,32,76,Satisfactory,76,PM10
12-Feb,Royapuram,2,14,0.4,25,47,Good,47,PM10
12-Feb,Manali,12,24,0.9,60,96,Moderate,100,PM2.5
13-Feb,Kodungaiyur,5,11,0.6,18,81,Satisfactory,81,PM10
13-Feb,Koyambedu,6,17,-,25,73,Satisfactory,73,PM10
13-Feb,Perungudi,2,8,0.4,32,76,Satisfactory,76,PM10
13-Feb,Royapuram,3,16,0.6,29,68,Satisfactory,68,PM10
13-Feb,Manali,12,8,0.5,68,97,Moderate,127,PM2.5
14-Feb,Kodungaiyur,5,11,0.6,17,74,Satisfactory,74,PM10
14-Feb,Koyambedu,4,16,-,27,68,Satisfactory,68,PM10
14-Feb,Perungudi,2,8,0.4,25,69,Satisfactory,69,PM10
14-Feb,Royapuram,2,13,0.5,24,69,Satisfactory,69,PM10
14-Feb,Manali,13,7,0.7,56,90,Satisfactory,93,PM2.5
15-Feb,Kodungaiyur,5,11,0.6,23,93,Satisfactory,93,PM10
15-Feb,Koyambedu,4,18,-,48,99,Satisfactory,99,PM10
15-Feb,Perungudi,3,8,0.4,40,88,Satisfactory,88,PM10
15-Feb,Royapuram,3,19,0.5,34,74,Satisfactory,74,PM10
15-Feb,Manali,12,7,0,52,72,Satisfactory,87,PM2.5
16-Feb,Kodungaiyur,4,11,0.6,20,86,Satisfactory,86,PM10
16-Feb,Koyambedu,5,16,-,36,84,Satisfactory,84,PM10
16-Feb,Perungudi,2,8,0.4,37,80,Satisfactory,80,PM10
16-Feb,Royapuram,2,13,0.4,26,65,Satisfactory,65,PM10
16-Feb,Manali,11,8,0,60,80,Moderate,100,PM2.5
17-Feb,Kodungaiyur,4,10,0.6,18,76,Satisfactory,76,PM10
17-Feb,Koyambedu,6,16,-,33,79,Satisfactory,79,PM10
17-Feb,Perungudi,2,8,0.4,34,75,Satisfactory,75,PM10
17-Feb,Royapuram,2,13,0.5,31,66,Satisfactory,66,PM10
17-Feb,Manali,9,5,0,55,85,Satisfactory,92,PM2.5
18-Feb,Kodungaiyur,5,13,0.6,21,92,Satisfactory,92,PM10
18-Feb,Koyambedu,4,16,-,36,76,Satisfactory,76,PM10
18-Feb,Perungudi,2,8,0.4,48,90,Satisfactory,90,PM10
18-Feb,Royapuram,2,15,0.6,38,71,Satisfactory,71,PM10
18-Feb,Manali,10,7,0,42,76,Satisfactory,76,PM10
19-Feb,Kodungaiyur,4,10,0.6,19,78,Satisfactory,78,PM10
19-Feb,Koyambedu,5,16,-,43,80,Satisfactory,80,PM10
19-Feb,Perungudi,3,8,0.4,48,93,Satisfactory,93,PM10
19-Feb,Royapuram,3,16,0.6,38,64,Satisfactory,64,PM10
19-Feb,Manali,11,8,0,47,63,Satisfactory,78,PM2.5
20-Feb,Kodungaiyur,3,13,0.6,19,86,Satisfactory,86,PM10
20-Feb,Koyambedu,4,16,-,40,84,Satisfactory,84,PM10
20-Feb,Perungudi,2,9,0.4,42,93,Satisfactory,93,PM10
20-Feb,Royapuram,3,16,0.5,33,61,Satisfactory,61,PM10
20-Feb,Manali,12,9,0,41,74,Satisfactory,74,PM10
21-Feb,Kodungaiyur,4,16,0.6,21,88,Satisfactory,88,PM10
21-Feb,Koyambedu,3,19,-,42,96,Satisfactory,96,PM10
21-Feb,Perungudi,2,9,0.4,46,101,Moderate,101,PM10
21-Feb,Royapuram,1,19,0.5,37,79,Satisfactory,79,PM10
21-Feb,Manali,12,7,0,45,63,Satisfactory,75,PM2.5
22-Feb,Kodungaiyur,5,13,0.6,19,86,Satisfactory,86,PM10
22-Feb,Koyambedu,3,18,-,43,86,Satisfactory,86,PM10
22-Feb,Perungudi,3,11,0.4,41,83,Satisfactory,83,PM10
22-Feb,Royapuram,2,18,0.6,37,80,Satisfactory,80,PM10
22-Feb,Manali,13,8,0,65,76,Moderate,117,PM2.5
23-Feb,Kodungaiyur,4,12,6,19,74,Satisfactory,74,PM10
23-Feb,Koyambedu,3,15,-,34,71,Satisfactory,71,PM10
23-Feb,Perungudi,3,10,0.4,33,71,Satisfactory,71,PM10
23-Feb,Royapuram,3,20,0.5,30,67,Satisfactory,67,PM10
23-Feb,Manali,15,10,0,54,62,Satisfactory,90,PM2.5
24-Feb,Kodungaiyur,4,9,0.7,14,61,Satisfactory,61,PM10
24-Feb,Koyambedu,2,9,-,30,57,Satisfactory,57,PM10
24-Feb,Perungudi,2,10,0.4,30,59,Satisfactory,59,PM10
24-Feb,Royapuram,2,23,0.4,28,51,Satisfactory,51,PM10
24-Feb,Manali,11,7,0.7,51,61,Satisfactory,85,PM2.5
25-Feb,Kodungaiyur,4,9,0.6,15,57,Satisfactory,57,PM10
25-Feb,Koyambedu,2,8,-,23,48,Good,48,PM10
25-Feb,Perungudi,2,8,0.4,25,50,Good,50,PM10
25-Feb,Royapuram,2,23,0.4,22,35,Good,37,PM2.5
25-Feb,Manali,12,8,0.6,55,60,Satisfactory,92,PM10
26-Feb,Kodungaiyur,5,6,0.5,13,54,Satisfactory,54,PM10
26-Feb,Koyambedu,3,8,-,24,54,Satisfactory,54,PM10
26-Feb,Perungudi,2,8,0.4,24,60,Satisfactory,60,PM10
26-Feb,Royapuram,1,21,0.4,24,43,Good,43,PM2.5
26-Feb,Manali,11,6,0.5,62,82,Moderate,107,PM2.5
26-Feb,Kodungaiyur,4,7,0.5,16,61,Satisfactory,61,PM10
27-Feb,Koyambedu,2,11,-,26,61,Satisfactory,61,PM10
27-Feb,Perungudi,3,8,0.3,29,66,Satisfactory,66,PM10
27-Feb,Royapuram,2,18,0.4,25,55,Satisfactory,55,PM10
27-Feb,Manali,11,9,0.6,55,66,Satisfactory,92,PM10
28-Feb,Kodungaiyur,4,11,0.7,18,80,Satisfactory,80,PM10
28-Feb,Koyambedu,6,14,-,29,74,Satisfactory,74,PM10
28-Feb,Perungudi,3,7,0.4,39,72,Satisfactory,72,PM10
28-Feb,Royapuram,2,14,0.5,29,71,Satisfactory,71,PM10
28-Feb,Manali,11,6,0.8,44,72,Satisfactory,73,PM2.5
29 FEBRUARY,Kodungaiyur,5,11,0.6,21,89,Satisfactory,89,PM10
29 FEBRUARY,Koyambedu,4,16,-,33,84,Satisfactory,84,PM10
29 FEBRUARY,Perungudi,3,7,0.4,39,85,Satisfactory,85,PM10
29 FEBRUARY,Royapuram,2,16,0.5,38,103,Moderate,102,PM10
29 FEBRUARY,Manali,12,8,0.9,47,66,Satisfactory,66,PM10
01-Mar,Kodungaiyur,4,11,0.6,20,87,Satisfactory,87,PM10
01-Mar,Koyambedu,3,14,-,38,87,Satisfactory,87,PM10
01-Mar,Perungudi,3,9,0.5,41,88,Satisfactory,88,PM10
01-Mar,Royapuram,2,18,0.6,39,69,Satisfactory,69,PM10
01-Mar,Manali,24,6,0.8,58,78,Satisfactory,96,PM2.5
02-Mar,Kodungaiyur,6,12,0.6,25,98,Satisfactory,98,PM10
02-Mar,Koyambedu,4,18,-,48,102,Moderate,102,PM10
02-Mar,Perungudi,2,10,0.4,61,136,Moderate,124,PM10
02-Mar,Royapuram,4,20,0.6,42,74,Satisfactory,74,PM10
02-Mar,Manali,15,9,0.8,65,84,Moderate,117,PM2.5
03-Mar,Kodungaiyur,6,9,0.6,18,74,Satisfactory,74,PM10
03-Mar,Koyambedu,4,10,-,31,98,Satisfactory,98,PM10
03-Mar,Perungudi,3,11,0.4,41,73,Satisfactory,73,PM10
03-Mar,Royapuram,2,15,0.5,35,54,Satisfactory,58,PM2.5
03-Mar,Manali,14,9,0.6,54,74,Satisfactory,90,PM2.5
04-Mar,Kodungaiyur,5,11,0.5,19,84,Satisfactory,84,PM10
04-Mar,Koyambedu,4,16,-,42,85,Satisfactory,85,PM10
04-Mar,Perungudi,3,10,0.4,49,105,Moderate,103,PM10
04-Mar,Royapuram,2,17,0.4,38,59,Satisfactory,63,PM2.5
04-Mar,Manali,13,8,0.6,45,70,Satisfactory,70,PM10
05-Mar,Kodungaiyur,5,12,0.6,17,81,Satisfactory,81,PM10
05-Mar,Koyambedu,3,16,-,35,80,Satisfactory,80,PM10
05-Mar,Perungudi,3,9,0.4,42,102,Moderate,101,PM10
05-Mar,Royapuram,2,15,0.5,35,68,Satisfactory,68,PM10
05-Mar,Manali,14,10,0.5,51,76,Satisfactory,85,PM2.5
06-Mar,Kodungaiyur,5,13,0.7,19,93,Satisfactory,93,PM10
06-Mar,Koyambedu,4,16,-,37,78,Satisfactory,78,PM10
06-Mar,Perungudi,3,9,0.4,54,155,Moderate,137,PM10
06-Mar,Royapuram,2,16,0.6,39,78,Satisfactory,78,PM10
06-Mar,Manali,15,9,0.6,51,75,Satisfactory,85,PM2.5
07-Mar,Kodungaiyur,4,14,0.7,15,81,Satisfactory,81,PM10
07-Mar,Koyambedu,6,16,-,25,68,Satisfactory,68,PM10
07-Mar,Perungudi,3,10,0.4,33,74,Satisfactory,74,PM10
07-Mar,Royapuram,2,16,0.5,25,53,Satisfactory,53,PM10
07-Mar,Manali,15,10,0.6,42,71,Satisfactory,71,PM10
08-Mar,Kodungaiyur,3,12,0.7,16,86,Satisfactory,86,PM10
08-Mar,Koyambedu,3,13,-,34,80,Satisfactory,80,PM10
08-Mar,Perungudi,3,10,0.4,38,81,Satisfactory,81,PM10
08-Mar,Royapuram,3,15,0.5,33,62,Satisfactory,62,PM10
08-Mar,Manali,15,10,0.6,44,62,Satisfactory,73,PM2.5
09-Mar,Kodungaiyur,3,11,0.7,16,89,Satisfactory,89,PM10
09-Mar,Koyambedu,3,12,-,38,77,Satisfactory,77,PM10
09-Mar,Perungudi,3,10,0.4,44,91,Satisfactory,91,PM10
09-Mar,Royapuram,3,15,0.6,35,69,Satisfactory,69,PM10
09-Mar,Manali,15,12,0.5,34,70,Satisfactory,70,PM10
10-Mar,Kodungaiyur,5,9,0.6,14,63,Satisfactory,63,PM10
10-Mar,Koyambedu,4,10,-,28,63,Satisfactory,63,PM10
10-Mar,Perungudi,3,9,0.4,30,64,Satisfactory,64,PM10
10-Mar,Royapuram,2,11,0.4,25,47,Good,47,PM10
10-Mar,Manali,13,12,0.5,48,67,Satisfactory,80,PM2.5
11-Mar,Kodungaiyur,4,7,7,14,70,Satisfactory,70,PM10
11-Mar,Koyambedu,2,8,-,38,75,Satisfactory,75,PM10
11-Mar,Perungudi,3,9,0.4,38,71,Satisfactory,71,PM10
11-Mar,Royapuram,2,10,0.4,31,49,Satisfactory,51,PM2.5
11-Mar,Manali,12,11,0.5,48,60,Satisfactory,80,PM10
12-Mar,Kodungaiyur,4,11,0.7,17,83,Satisfactory,83,PM10
12-Mar,Koyambedu,4,13,-,30,78,Satisfactory,78,PM10
12-Mar,Perungudi,3,8,0.4,30,77,Satisfactory,77,PM10
12-Mar,Royapuram,3,16,0.5,26,68,Satisfactory,68,PM10
12-Mar,Manali,12,13,0.6,57,71,Satisfactory,95,PM2.5
13-Mar,Kodungaiyur,5,14,0.7,18,82,Satisfactory,82,PM10
13-Mar,Koyambedu,3,15,-,34,84,Satisfactory,84,PM10
13-Mar,Perungudi,3,8,0.4,35,90,Satisfactory,90,PM10
13-Mar,Royapuram,2,17,0.6,29,83,Satisfactory,83,PM10
13-Mar,Manali,13,15,0.7,46,93,Satisfactory,93,PM10
14-Mar,Kodungaiyur,5,12,0.6,17,79,Satisfactory,79,PM10
14-Mar,Koyambedu,4,12,-,32,79,Satisfactory,79,PM10
14-Mar,Perungudi,3,8,0.4,37,79,Satisfactory,79,PM10
14-Mar,Royapuram,2,16,0.5,32,72,Satisfactory,72,PM10
14-Mar,Manali,12,14,0.7,46,95,Satisfactory,95,PM10
15-Mar,Kodungaiyur,3,10,0.6,15,68,Satisfactory,68,PM10
15-Mar,Koyambedu,3,11,-,23,63,Satisfactory,63,PM10
15-Mar,Perungudi,3,8,0.4,31,66,Satisfactory,66,PM10
15-Mar,Royapuram,2,17,5,23,67,Satisfactory,67,PM10
15-Mar,Manali,17,15,0.8,36,60,Satisfactory,60,PM10
16-Mar,Kodungaiyur,3,9,0.6,11,56,Satisfactory,56,PM10
16-Mar,Koyambedu,2,11,-,20,58,Satisfactory,58,PM10
16-Mar,Perungudi,3,8,0.4,22,57,Satisfactory,57,PM10
16-Mar,Royapuram,2,16,0.5,19,52,Satisfactory,52,PM10
16-Mar,Manali,13,13,0.8,39,56,Satisfactory,65,PM2.5
17-Mar,Kodungaiyur,4,8,0.6,9,39,Good,39,PM10
17-Mar,Koyambedu,3,7,-,10,30,Good,30,PM10
17-Mar,Perungudi,4,7,0.4,10,32,Good,32,PM10
17-Mar,Royapuram,2,15,0.4,9,18,Good,20,CO
17-Mar,Manali,12,12,0.7,39,50,Satisfactory,65,PM2.5
18-Mar,Kodungaiyur,4,8,0.6,7,36,Good,36,PM10
18-Mar,Koyambedu,3,9,-,10,32,Good,32,PM10
18-Mar,Perungudi,3,7,0.4,11,36,Good,36,PM10
18-Mar,Royapuram,22,15,0.4,8,21,Good,21,PM10
18-Mar,Manali,12,12,0.7,47,54,Satisfactory,78,PM2.5
19-Mar,Kodungaiyur,4,10,0.7,13,53,Satisfactory,53,PM10
19-Mar,Koyambedu,3,11,-,17,51,Satisfactory,51,PM10
19-Mar,Perungudi,2,7,0.4,20,54,Satisfactory,54,PM10
19-Mar,Royapuram,2,16,0.5,16,34,Good,34,PM10
19-Mar,Manali,10,6,0.8,45,65,Satisfactory,75,PM2.5
20-Mar,Kodungaiyur,4,10,0.6,19,84,Satisfactory,84,PM10
20-Mar,Koyambedu,2,8,-,32,74,Satisfactory,74,PM10
20-Mar,Perungudi,3,7,0.4,42,88,Satisfactory,88,PM10
20-Mar,Royapuram,5,16,0.5,32,55,Satisfactory,55,PM10
20-Mar,Manali,12,14,0.9,40,66,Satisfactory,67,PM2.5
21-Mar,Kodungaiyur,5,6,0.6,13,51,Satisfactory,51,PM10
21-Mar,Koyambedu,3,6,-,17,51,Satisfactory,51,PM10
21-Mar,Perungudi,2,7,0.4,22,54,Satisfactory,54,PM10
21-Mar,Royapuram,4,14,0.4,19,39,Good,39,PM10
21-Mar,Manali,11,10,0.9,49,56,Satisfactory,82,PM2.5
22-Mar,Kodungaiyur,4,8,0.6,13,56,Satisfactory,56,PM10
22-Mar,Koyambedu,3,8,-,19,47,Good,47,PM10
22-Mar,Perungudi,3,7,0.3,20,50,Good,50,PM10
22-Mar,Royapuram,2,13,0.4,17,34,Good,34,PM10
22-Mar,Manali,21,9,0.9,42,55,Satisfactory,70,PM2.5
23-Mar,Kodungaiyur,4,10,0.7,16,69,Satisfactory,69,PM10
23-Mar,Koyambedu,3,11,-,28,68,Satisfactory,68,PM10
23-Mar,Perungudi,3,7,0.4,28,64,Satisfactory,64,PM10
23-Mar,Royapuram,3,14,0.6,22,43,Good,43,PM10
23-Mar,Manali,12,12,0.9,36,86,Satisfactory,86,PM10
24-Mar,Kodungaiyur,4,10,0.6,15,65,Satisfactory,65,PM10
24-Mar,Koyambedu,4,12,-,23,60,Satisfactory,60,PM10
24-Mar,Perungudi,4,7,0.4,26,62,Satisfactory,62,PM10
24-Mar,Royapuram,2,12,0.6,21,45,Good,45,PM10
24-Mar,Manali,11,12,0.9,27,49,Satisfactory,49,PM10
25-Mar,Kodungaiyur,4,8,0..6,11,47,Good,47,PM10
25-Mar,Koyambedu,3,9,-,17,44,Good,44,PM10
25-Mar,Perungudi,3,7,0.4,18,47,Good,47,PM10
25-Mar,Royapuram,2,10,0.5,15,29,Good,29,PM10
25-Mar,Manali,12,13,0.9,59,68,Satisfactory,98,PM2.5
26-Mar,Kodungaiyur,4,8,0.6,10,46,Good,46,PM10
26-Mar,Koyambedu,3,9,-,18,48,Good,48,PM10
26-Mar,Perungudi,3,7,0.4,20,54,Satisfactory,54,PM10
26-Mar,Royapuram,2,10,0.5,14,24,Good,24,PM10
26-Mar,Manali,13,12,0.8,37,56,Satisfactory,62,PM2.5
27-Mar,Kodungaiyur,4,9,0.6,11,52,Satisfactory,52,PM10
27-Mar,Koyambedu,3,11,-,17,52,Satisfactory,52,PM10
27-Mar,Perungudi,3,7,0.4,24,62,Satisfactory,62,PM10
27-Mar,Royapuram,3,14,0.6,14,37,Good,37,PM10
27-Mar,Manali,13,13,0.9,41,61,Satisfactory,61,PM10
28-Mar,Kodungaiyur,5,10,0.7,14,62,Satisfactory,62,PM10
28-Mar,Koyambedu,3,12,-,24,57,Satisfactory,57,PM10
28-Mar,Perungudi,3,7,0.4,24,71,Satisfactory,71,PM10
28-Mar,Royapuram,2,11,0.5,23,45,Good,45,PM10
28-Mar,Manali,23,12,1,44,65,Satisfactory,73,PM10
29-Mar,Kodungaiyur,5,9,0.6,14,56,Satisfactory,56,PM10
29-Mar,Koyambedu,2,11,-,12,49,Good,49,PM10
29-Mar,Perungudi,3,8,0.4,19,58,Satisfactory,58,PM10
29-Mar,Royapuram,2,11,0.5,15,45,Good,45,PM10
29-Mar,Manali,23,15,0,41,53,Satisfactory,53,PM10
30-Mar,Kodungaiyur,4,11,0.8,10,52,Satisfactory,52,PM10
30-Mar,Koyambedu,3,13,-,13,53,Satisfactory,53,PM10
30-Mar,Perungudi,3,8,0.4,17,51,Satisfactory,51,PM10
30-Mar,Royapuram,2,11,0.6,14,42,Good,42,PM10
30-Mar,Manali,23,15,0.8,41,54,Satisfactory,68,PM2.5
31-Mar,Kodungaiyur,4,10,0.7,11,42,Good,42,PM10
31-Mar,Koyambedu,3,12,-,11,47,Good,47,PM10
31-Mar,Perungudi,4,8,0.4,16,57,Satisfactory,57,PM10
31-Mar,Royapuram,2,13,0.6,13,37,Good,37,PM10
31-Mar,Manali,22,10,0.8,35,51,Satisfactory,58,PM2.5
01-Apr,Kodungaiyur,5,8,0.6,9,36,Good,36,PM10
01-Apr,Koyambedu,3,9,-,9,38,Good,38,PM10
01-Apr,Perungudi,3,9,0.4,12,43,Good,43,PM10
01-Apr,Royapuram,2,10,0.5,10,28,Good,28,PM10
01-Apr,Manali,22,11,0.6,36,43,Satisfactory,60,PM2.5
02-Apr,Kodungaiyur,3,8,0.6,12,46,Good,46,PM10
02-Apr,Koyambedu,3,10,-,10,42,Good,42,PM10
02-Apr,Perungudi,4,9,0.4,16,53,Satisfactory,53,PM10
02-Apr,Royapuram,3,11,0.5,12,41,Good,41,PM10
02-Apr,Manali,13,13,0.7,40,57,Satisfactory,68,PM2.5
03-Apr,Kodungaiyur,4,10,0.6,11,45,Good,45,PM10
03-Apr,Koyambedu,3,11,-,11,46,Good,46,PM10
03-Apr,Perungudi,3,9,0.4,13,51,Satisfactory,51,PM10
03-Apr,Royapuram,2,11,0.5,12,53,Satisfactory,53,PM10
03-Apr,Manali,10,10,0.6,34,47,Satisfactory,57,PM2.5
04-Apr,Kodungaiyur,4,9,0.6,8,34,Good,34,PM10
04-Apr,Koyambedu,3,12,-,7,37,Good,37,PM10
04-Apr,Perungudi,3,8,0.4,9,39,Good,39,PM10
04-Apr,Royapuram,3,9,0.5,6,27,Good,27,PM10
04-Apr,Manali,13,10,0.6,34,51,Satisfactory,57,PM2.5
05-Apr,Kodungaiyur,5,10,0.7,8,35,Good,35,PM10
05-Apr,Koyambedu,3,12,-,6,33,Good,33,PM10
05-Apr,Perungudi,4,8,0.4,7,36,Good,36,PM10
05-Apr,Royapuram,3,9,0.6,4,24,Good,30,CO
05-Apr,Manali,26,7,0.5,34,45,Satisfactory,57,PM2.5
06-Apr,Kodungaiyur,5,12,0.7,10,46,Good,46,PM10
06-Apr,Koyambedu,4,14,-,10,46,Good,46,PM10
06-Apr,Perungudi,2,7,0.3,10,41,Good,41,PM10
06-Apr,Royapuram,3,10,0.6,7,33,Good,33,PM10
06-Apr,Manali,20,22,0.7,37,49,Satisfactory,62,PM2.5
07-Apr,Kodungaiyur,55,13,0.6,10,54,Satisfactory,54,PM10
07-Apr,Koyambedu,4,3,-,12,49,Good,49,PM10
07-Apr,Perungudi,3,9,0.3,13,45,Good,45,PM10
07-Apr,Royapuram,4,10,0.6,9,33,Good,33,PM10
07-Apr,Manali,12,12,0.7,31,57,Satisfactory,57,PM10
08-Apr,Kodungaiyur,5,9,0.6,10,39,Good,39,PM10
08-Apr,Koyambedu,3,3,-,11,45,Good,45,PM10
08-Apr,Perungudi,2,9,0.3,13,44,Good,44,PM10
08-Apr,Royapuram,3,9,6,13,36,Good,36,PM10
08-Apr,Manali,13,12,0.6,33,60,Satisfactory,60,PM10
09-Apr,Kodungaiyur,4,8,0.6,10,41,Good,41,PM10
09-Apr,Koyambedu,3,3,-,14,44,Good,44,PM10
09-Apr,Perungudi,3,9,0.3,20,45,Good,45,PM10
09-Apr,Royapuram,4,10,0.4,17,28,Good,28,PM10
09-Apr,Manali,15,14,0.6,30,48,Satisfactory,50,PM2.5
10-Apr,Kodungaiyur,4,8,0.7,15,79,Satisfactory,79,PM10
10-Apr,Koyambedu,3,2,-,29,63,Satisfactory,63,PM10
10-Apr,Perungudi,3,9,0.4,30,68,Satisfactory,68,PM10
10-Apr,Royapuram,4,13,0.6,29,63,Satisfactory,63,PM10
10-Apr,Manali,12,13,0.9,40,53,Satisfactory,67,PM2.5
11-Apr,Kodungaiyur,4,7,0.7,14,58,Satisfactory,58,PM10
11-Apr,Koyambedu,2,2,-,23,53,Satisfactory,53,PM10
11-Apr,Perungudi,3,9,0.4,27,57,Satisfactory,57,PM10
11-Apr,Royapuram,3,11,0.5,24,36,Good,39,PM2.5
11-Apr,Manali,14,10,0.7,34,67,Satisfactory,67,PM10
12-Apr,Kodungaiyur,4,6,0.6,11,45,Good,45,PM10
12-Apr,Koyambedu,3,3,-,14,38,Good,38,PM10
12-Apr,Perungudi,3,8,0.3,18,41,Good,41,PM10
12-Apr,Royapuram,3,14,0.4,14,24,Good,24,PM10
12-Apr,Manali,11,9,0.7,37,56,Satisfactory,62,PM2.5
13-Apr,Kodungaiyur,4,8,0.6,13,48,Good,48,PM10
13-Apr,Koyambedu,4,3,-,16,43,Good,43,PM10
13-Apr,Perungudi,3,7,0.3,20,51,Satisfactory,51,PM10
13-Apr,Royapuram,3,12,0.5,19,36,Good,36,PM10
13-Apr,Manali,14,10,0.7,41,60,Satisfactory,60,PM10
14-Apr,Kodungaiyur,3,7,0.7,18,70,Satisfactory,70,PM10
14-Apr,Koyambedu,3,2,-,40,68,Satisfactory,68,PM10
14-Apr,Perungudi,3,13,0.5,37,83,Satisfactory,83,PM10
14-Apr,Royapuram,3,10,0.5,41,56,Satisfactory,56,PM10
14-Apr,Manali,12,8,0.7,35,76,Satisfactory,76,PM10
15-Apr,Kodungaiyur,5,8,0.6,15,52,Satisfactory,52,PM10
15-Apr,Koyambedu,3,2,-,29,55,Satisfactory,55,PM10
15-Apr,Perungudi,3,9,0.4,30,65,Satisfactory,65,PM10
15-Apr,Royapuram,4,8,0.5,26,39,Good,44,PM2.5
15-Apr,Manali,14,9,0.7,28,62,Satisfactory,62,PM10
16-Apr,Kodungaiyur,5,10,0.7,13,55,Satisfactory,55,PM10
16-Apr,Koyambedu,3,3,-,21,54,Satisfactory,54,PM10
16-Apr,Perungudi,3,9,0.4,26,73,Satisfactory,73,PM10
16-Apr,Royapuram,3,11,0.6,22,53,Satisfactory,53,PM10
16-Apr,Manali,15,11,0.9,32,65,Satisfactory,65,PM10
17-Apr,Kodungaiyur,3,11,0.7,11,47,Good,47,PM10
17-Apr,Koyambedu,3,3,-,17,55,Satisfactory,55,PM10
17-Apr,Perungudi,3,10,0.5,17,54,Satisfactory,54,PM10
17-Apr,Royapuram,3,10,0.6,18,55,Satisfactory,55,PM10
17-Apr,Manali,15,10,0.6,36,62,Satisfactory,62,PM10
18-Apr,Kodungaiyur,5,10,0.6,9,35,Good,35,PM10
18-Apr,Koyambedu,3,3,-,11,41,Satisfactory,41,PM10
18-Apr,Perungudi,2,10,0.3,10,40,Good,40,PM10
18-Apr,Royapuram,3,10,0.5,12,43,Good,43,PM10
18-Apr,Manali,11,9,0.5,39,52,Satisfactory,62,PM2.5
19-Apr,Kodungaiyur,5,7,0.5,8,28,Good,28,PM10
19-Apr,Koyambedu,5,3,-,7,30,Good,30,PM10
19-Apr,Perungudi,2,9,0.3,6,26,Good,26,PM10
19-Apr,Royapuram,2,11,0.6,5,35,Good,35,PM10
19-Apr,Manali,,,,,N/A (Due to P/C Problem),,,
20-Apr,Kodungaiyur,5,7,0.6,7,22,Good,22,PM10
20-Apr,Koyambedu,3,3,-,8,31,Good,31,PM10
20-Apr,Perungudi,4,9,0.3,8,28,Good,28,PM10
20-Apr,Royapuram,5,8,0.5,10,51,Satisfactory,51,PM10
20-Apr,Manali,,,,,,,,
21-Apr,Kodungaiyur,4,8,0.5,8,22,Good,22,PM10
21-Apr,Koyambedu,3,2,-,9,31,Good,31,PM10
21-Apr,Perungudi,3,9,0.3,6,24,Good,24,PM10
21-Apr,Royapuram,3,7,0.5,8,26,Good,26,PM10
21-Apr,Manali,,,,,N/A (Due to PC Issue),,,
22-Apr,Kodungaiyur,5.1,8.3,0.63,7,23,Good,23,PM10
22-Apr,Koyambedu,2.7,2.5,-,9,30,Good,30,PM10
22-Apr,Perungudi,2.3,7.9,0.31,6,29,Good,29,PM10
22-Apr,Royapuram,3,7.9,0.45,7,23,Good,23,PM10
22-Apr,Manali,27,6,0.5,0,`34,Good,34,PM10
23-Apr,Kodungaiyur,4,10,0.5,7,26,Good,26,PM10
23-Apr,Koyambedu,3,3,-,7,32,Good,32,PM10
23-Apr,Perungudi,3,8,0.5,7,31,Good,31,PM10
23-Apr,Royapuram,3,9,0.5,6,24,Good,24,PM10
23-Apr,Manali,11,7,0.3,-,18,Good,18,PM10
24-Apr,Kodungaiyur,4,12,0.5,7,28,Good,28,PM10
24-Apr,Koyambedu,3,3,-,8,35,Good,35,PM10
24-Apr,Perungudi,3,8,0.5,8,38,Good,38,PM10
24-Apr,Royapuram,3,14,0.5,8,31,Good,31,PM10
24-Apr,Manali,12,6,0.3,-,24,Good,24,PM10
25-Apr,Kodungaiyur,5,9,0.4,6,20,Good,20,PM10
25-Apr,Koyambedu,3,3,-,7,29,Good,29,PM10
25-Apr,Perungudi,3,8,0.5,5,26,Good,26,PM10
25-Apr,Royapuram,3,13,0.3,6,21,Good,21,PM10
25-Apr,Manali,14,9,0.5,-,26,Good,26,PM10
26-Apr,Kodungaiyur,5,9,0.4,8,36,Good,36,PM10
26-Apr,Koyambedu,3,3,-,7,41,Good,41,PM10
26-Apr,Perungudi,2,8,0.3,7,49,Good,49,PM10
26-Apr,Royapuram,4,12,0.4,8,44,Good,44,PM10
26-Apr,Manali,19,5,0.4,-,28,Good,28,PM10
27-Apr,Kodungaiyur,4,8,0.6,11,41,Good,41,PM10
27-Apr,Koyambedu,3,4,-,15,56,Satisfactory,56,PM10
27-Apr,Perungudi,2,8,0.4,17,59,Satisfactory,59,PM10
27-Apr,Royapuram,4,10,0.5,15,62,Satisfactory,62,PM10
27-Apr,Manali,,,,,N/A (P/C Problem),,,
28-Apr,Kodungaiyur,5,9,0.5,8,32,Good,32,PM10
28-Apr,Koyambedu,3,9,-,10,43,Good,43,PM10
28-Apr,Perungudi,4,8,0.4,8,44,Good,44,PM10
28-Apr,Royapuram,3,9,0.5,12,40,Good,40,PM10
28-Apr,Manali,11,6,0.4,-,30,Good,30,PM10
29-Apr,Kodungaiyur,5,7,0.5,7,20,Good,20,PM10
29-Apr,Koyambedu,3,8,-,6,25,Good,25,PM10
29-Apr,Perungudi,3,11,0.4,6,26,Good,26,PM10
29-Apr,Royapuram,4,9,0.5,8,25,Good,25,PM10
29-Apr,Manali,15,9,0.4,27,-,Good,45,PM2.5
30-Apr,Kodungaiyur,3,7,0.5,7,26,Good,26,PM10
30-Apr,Koyambedu,3,12,-,9,33,Good,33,PM10
30-Apr,Perungudi,3,8,0.4,5,35,Good,35,PM10
30-Apr,Royapuram,6,12,0.5,7,30,Good,30,PM10
30-Apr,Manali,13,8,0.5,26,-,Good,43,PM2.5
01-May,Kodungaiyur,4,8,0.4,8,32,Good,32,PM10
01-May,Koyambedu,5,15,-,9,36,Good,36,PM10
01-May,Perungudi,3,8,0.3,8,40,Good,40,PM10
01-May,Royapuram,4,9,0.5,7,31,Good,31,PM10
01-May,Manali,,,,,N/A (P/C Problem),,,
02-May,Kodungaiyur,4,9,0.6,9,40,Good,40,PM10
02-May,Koyambedu,4,14,-,10,44,Good,44,PM10
02-May,Perungudi,3,7,0.3,8,44,Good,44,PM10
02-May,Royapuram,3,8,0.4,8,38,Good,38,PM10
02-May,Manali,14,10,0.6,29,-,Good,48,PM2.5
03-May,Kodungaiyur,6,9,-,11,46,Satisfactory,46,PM10
03-May,Koyambedu,8,20,-,13,58,Satisfactory,58,PM10
03-May,Perungudi,3,4,0.3,12,53,Satisfactory,53,PM10
03-May,Royapuram,4,6,0.6,13,52,Satisfactory,52,PM10
03-May,Manali,28,4,0.4,23,-,Good,38,PM2.5
04-May,Kodungaiyur,4,8,0.5,11,41,Satisfactory,63,PM10
04-May,Koyambedu,5,21,-,13,61,Satisfactory,61,PM10
04-May,Perungudi,3,8,0.3,10,45,Good,45,PM10
04-May,Royapuram,3,6,0.5,13,49,Good,49,PM10
04-May,Manali,27,4,0.4,24,-,Good,38,PM2.5
05-May,Kodungaiyur,4,8,0.6,10,47,Good,47,PM10
05-May,Koyambedu,5,13,-,12,59,Satisfactory,59,PM10
05-May,Perungudi,2,10,0.5,10,46,Good,46,PM10
05-May,Royapuram,3,6,0.5,12,42,Good,42,PM10
05-May,Manali,12,9,0.4,20,-,Good,33,PM2.5
06-May,Kodungaiyur,5,6,0.5,12,43,Good,43,PM10
06-May,Koyambedu,5,11,-,12,55,Satisfactory,55,PM10
06-May,Perungudi,2,10,0.4,13,49,Good,49,PM10
06-May,Royapuram,3,5,0.5,14,47,Good,47,PM10
06-May,Manali,14,9,0.2,22,-,Good,37,PM2.5
07-May,Kodungaiyur,3,8,0.6,10,42,Good,42,PM10
07-May,Koyambedu,3,10,-,11,52,Satisfactory,52,PM10
07-May,Perungudi,2,9,0.4,12,50,Good,50,PM10
07-May,Royapuram,3,7,0.4,14,40,Good,40,PM10
07-May,Manali,12,8,0.2,21,-,Good,35,PM2.5
08-May,Kodungaiyur,4,10,0.5,9,32,Good,32,PM10
08-May,Koyambedu,4,7,-,11,44,Good,44,PM10
08-May,Perungudi,3,8,0.4,11,46,Good,46,PM10
08-May,Royapuram,3,14,0.5,11,31,Good,31,PM10
08-May,Manali,11,8,0.5,23,-,Good,40,PM2.5
09-May,Kodungaiyur,3,10,0.3,6,18,Good,18,PM10
09-May,Koyambedu,3,10,-,7,24,Good,24,PM10
09-May,Perungudi,3,8,0.3,6,23,Good,23,PM10
09-May,Royapuram,3,9,0.2,4,12,Good,12,PM10
09-May,Manali,11,6,0.4,24,-,Good,40,PM2.5
10-May,Kodungaiyur,4,9,0.5,6,20,Good,20,PM10
10-May,Koyambedu,3,7,-,5,21,Good,21,PM10
10-May,Perungudi,3,8,0.3,6,23,Good,23,PM10
10-May,Royapuram,4,13,0.3,5,14,Good,14,PM10
10-May,Manali,12,8,0.4,21,-,Good,35,PM2.5
11-May,Kodungaiyur,4,7,0.5,6,17,Good,17,PM10
11-May,Koyambedu,4,5,-,6,22,Good,22,PM10
11-May,Perungudi,2,7,0.4,13,25,Good,25,PM10
11-May,Royapuram,4,10,0.4,5,13,Good,13,PM10
11-May,Manali,14,9,0.2,21,-,Good,35,PM2.5
12-May,Kodungaiyur,4,7,0.5,5,14,Good,38,PM10
12-May,Koyambedu,6,4,-,6,19,Good,19,PM10
12-May,Perungudi,2,5,0.5,7,25,Good,25,PM10
12-May,Royapuram,4,9,0.5,7,25,Good,25,PM10
12-May,Manali,12,6,0.8,24,-,Good,40,PM2.5
13-May,Kodungaiyur,4,7,0.3,6,19,Good,19,PM10
13-May,Koyambedu,6,4,-,12,24,Good,24,PM10
13-May,Perungudi,3,6,0.4,7,34,Good,34,PM10
13-May,Royapuram,4,8,0.2,9,17,Good,17,PM10
13-May,Manali,14,9,0.6,28,-,Good,47,PM2.5
14-May,Kodungaiyur,4,6,0.5,9,31,Good,31,PM10
14-May,Koyambedu,6,3,-,13,27,Good,27,PM10
14-May,Perungudi,3,6,0.4,6,40,Good,40,PM10
14-May,Royapuram,4,7,0.4,12,18,Good,19,PM10
14-May,Manali,13,8,0.9,28,-,Good,47,PM2.5
15-May,Kodungaiyur,4,12,0.6,8,29,Good,29,PM10
15-May,Koyambedu,8,5,-,14,33,Good,33,PM10
15-May,Perungudi,2,6,0.4,6,43,Good,43,PM10
15-May,Royapuram,4,6,0.5,13,24,Good,24,PM10
15-May,Manali,13,8,0.8,32,-,Satisfactory,53,PM10
16-May,Kodungaiyur,5,10,0.5,5,16,Good,16,PM10
16-May,Koyambedu,5,6,-,8,19,Good,19,PM10
16-May,Perungudi,3,9,0.4,7,36,Good,36,PM10
16-May,Royapuram,4,5,0.5,5,12,Good,12,PM10
16-May,Manali,12,7,0.9,30,-,Good,50,PM2.5
17-May,Kodungaiyur,4,14,0.5,12,28,Good,28,PM10
17-May,Koyambedu,4,5,-,14,27,Good,27,PM10
17-May,Perungudi,3,4,0.4,8,27,Good,27,PM10
17-May,Royapuram,4,13,-,8,28,Good,28,PM10
17-May,Manali,12,10,0.8,32,-,Satisfactory,53,PM2.5
18-May,Kodungaiyur,3,10,0.3,7,22,Good,22,PM10
18-May,Koyambedu,4,6,-,7,23,Good,23,PM10
18-May,Perungudi,3,17,0.5,7,24,Good,24,PM10
18-May,Royapuram,5,8,0.3,7,22,Good,22,PM10
18-May,Manali,14,19,0.7,29,-,Good,48,PM2.5
19-May,Kodungaiyur,3,8,0.3,5,17,Good,17,PM10
19-May,Koyambedu,6,4,-,10,18,Good,18,PM10
19-May,Perungudi,2,16,0.4,7,32,Good,32,PM10
19-May,Royapuram,5,10,0.3,8,17,Good,17,PM10
19-May,Manali,13,9,0.7,26,-,Good,43,PM2.5
20-May,Kodungaiyur,3,8,0.2,5,12,Good,12,PM10
20-May,Koyambedu,6,5,-,9,19,Good,19,PM10
20-May,Perungudi,3,15,0.5,8,27,Good,27,PM10
20-May,Royapuram,4,8,0.2,3,15,Good,15,PM10
20-May,Manali,12,9,0.7,30,-,Good,50,PM2.5
21-May,Kodungaiyur,3,8,0.5,5,13,,25,PM10
21-May,Koyambedu,7,4,-,6,20,,20,PM10
21-May,Perungudi,2,14,0.4,5,14,Good,20,PM10
21-May,Royapuram,4,9,0.5,7,21,Good,25,PM10
21-May,Manali,24,6,0.6,29,58,,58,PM10
22-May,Kodungaiyur,3,11,0.6,8,26,,25,PM10
22-May,Koyambedu,9,5,-,13,32,,32,PM10
22-May,Perungudi,3,12,0.4,8,35,Good,35,PM10
22-May,Royapuram,4,9,0.7,13,32,Good,32,PM10
22-May,Manali,25,4,0.7,37,61,,62,PM10
23-May,Kodungaiyur,4,11,0.6,12,43,Good,43,PM10
23-May,Koyambedu,11,9,-,12,39,Good,39,PM10
23-May,Perungudi,4,6,0.4,13,41,Good,41,PM10
23-May,Royapuram,4,10,0.6,15,43,Good,43,PM10
23-May,Manali,15,7,0.7,32,57,Satisfactory,57,PM10
24-May,Kodungaiyur,4,11,0.6,12,48,,48,PM10
24-May,Koyambedu,9,6,-,20,49,,49,PM10
24-May,Perungudi,3,5,0.7,22,57,Satisfactory,57,PM10
24-May,Royapuram,8,23,-,25,58,Satisfactory,58,PM10
24-May,Manali,22,8,0.7,37,59,,62,PM2.5
25-May,Kodungaiyur,3,15,0.6,14,63,Satisfactory,63,PM10
25-May,Koyambedu,8,6,-,20,64,Satisfactory,64,PM10
25-May,Perungudi,3,13,0.7,21,70,Satisfactory,70,PM10
25-May,Royapuram,5,10,0.6,14,58,Satisfactory,58,PM10
25-May,Manali,12,8,0.6,54,65,Satisfactory,65,PM10
26-May,Kodungaiyur,3,13,0.8,16,61,Satisfactory,61,PM10
26-May,Koyambedu,6,6,-,22,69,Satisfactory,69,PM10
26-May,Perungudi,3,12,0.5,24,89,Satisfactory,89,PM10
26-May,Royapuram,3,9,0.7,28,80,Satisfactory,80,PM10
26-May,Manali,22,9,0.7,30,57,Satisfactory,57,PM10
27-May,Kodungaiyur,4,15,0.7,18,84,Satisfactory,84,PM10
27-May,Koyambedu,4,6,-,22,80,Satisfactory,80,PM10
27-May,Perungudi,3,13,0.5,23,86,Satisfactory,86,PM10
27-May,Royapuram,3,10,0.7,28,98,Satisfactory,98,PM10
27-May,Manali,21,8,0.8,34,48,Satisfactory,57,PM2.5
28-May,Kodungaiyur,3,14,0.8,20,88,Satisfactory,88,PM10
28-May,Koyambedu,6,7,-,22,84,Satisfactory,84,PM10
28-May,Perungudi,3,15,0.8,26,97,Satisfactory,97,PM10
28-May,Royapuram,3,13,0.7,30,88,Satisfactory,88,PM10
28-May,Manali,11,1,0.6,51,82,Satisfactory,85,PM2.5
29-May,Kodungaiyur,4,15,0.7,19,90,Satisfactory,90,PM10
29-May,Koyambedu,8,7,-,24,89,Satisfactory,89,PM10
29-May,Perungudi,4,14,0.8,26,98,Satisfactory,98,PM10
29-May,Royapuram,3,40,0.7,22,91,Satisfactory,91,PM10
29-May,Manali,,,,,N/A (PC Issue),,,
30-May,Kodungaiyur,4,16,0.6,16,70,Satisfactory,70,PM10
30-May,Koyambedu,11,7,-,18,72,Satisfactory,72,PM10
30-May,Perungudi,3,13,0.7,18,74,Satisfactory,74,PM10
30-May,Royapuram,3,22,0.6,12,66,Satisfactory,66,PM10
30-May,Manali,12,6,-,41,64,Satisfactory,68,PM2.5
31-May,Kodungaiyur,4,15,0.7,17,80,Satisfactory,80,PM10
31-May,Koyambedu,9,6,-,26,85,Satisfactory,85,PM10
31-May,Perungudi,4,13,0.8,23,85,Satisfactory,85,PM10
31-May,Royapuram,3,34,0.7,17,70,Satisfactory,70,PM10
31-May,Manali,23,6,-,36,69,Satisfactory,69,PM10
01-Jun,Kodungaiyur,4,13,0.6,16,69,Satisfactory,69,PM10
01-Jun,Koyambedu,10,6,-,24,76,Satisfactory,76,PM10
01-Jun,Perungudi,3,12,0.7,21,68,Satisfactory,68,PM10
01-Jun,Royapuram,3,24,0.6,14,61,Satisfactory,61,PM10
01-Jun,Manali,15,10,-,35,63,Satisfactory,63,PM10
02-Jun,Kodungaiyur,4,12,0.6,13,59,Satisfactory,59,PM10
02-Jun,Koyambedu,9,5,-,21,61,Satisfactory,61,PM10
02-Jun,Perungudi,4,11,0.6,17,69,Satisfactory,69,PM10
02-Jun,Royapuram,3,38,0.6,16,57,Satisfactory,57,PM10
02-Jun,Manali,15,6,0.4,30,59,Satisfactory,59,PM10
03-Jun,Kodungaiyur,4,9,0.6,12,39,Good,39,PM10
03-Jun,Koyambedu,9,5,-,20,50,Good,50,PM10
03-Jun,Perungudi,2,12,0.4,19,51,Satisfactory,51,PM10
03-Jun,Royapuram,3,40,0.7,14,42,Good,42,PM10
03-Jun,Manali,11,6,0.5,41,0,Satisfactory,68,PM2.5
04-Jun,Kodungaiyur,4,14,0.7,14,58,Satisfactory,58,PM10
04-Jun,Koyambedu,11,7,-,22,63,Satisfactory,63,PM10
04-Jun,Perungudi,3,12,0.5,18,57,Satisfactory,57,PM10
04-Jun,Royapuram,3,12,0.6,17,50,Satisfactory,50,PM10
04-Jun,Manali,10,8,0.7,37,60,Satisfactory,62,PM2.5
05-Jun,Kodungaiyur,4,17,0.7,12,47,Good,47,PM10
05-Jun,Koyambedu,10,7,-,20,47,Good,47,PM10
05-Jun,Perungudi,3,12,0.5,18,49,Good,49,PM10
05-Jun,Royapuram,3,39,0.8,15,50,Good,50,PM10
05-Jun,Manali,10,8,0.8,39,58,Satisfactory,65,PM2.5
06-Jun,Kodungaiyur,3,21,0.7,10,35,Good,35,PM10
06-Jun,Koyambedu,5,8,-,12,35,Good,35,PM10
06-Jun,Perungudi,3,12,0.5,10,30,Good,30,PM10
06-Jun,Royapuram,3,20,0.6,11,40,Good,40,PM10
06-Jun,Manali,13,19,0.6,40,55,Satisfactory,67,PM2.5
07-Jun,Kodungaiyur,3,21,0.5,8,27,,27,PM10
07-Jun,Koyambedu,7,8,-,13,27,Good,27,PM10
07-Jun,Perungudi,3,13,0.6,11,30,Good,30,PM10
07-Jun,Royapuram,4,15,0.5,14,29,,29,PM10
07-Jun,Manali,12,7,0.8,29,58,Satisfactory,58,PM10
08-Jun,Kodungaiyur,3,15,0.6,10,36,Good,36,PM10
08-Jun,Koyambedu,10,6,-,9,39,Good,39,PM10
08-Jun,Perungudi,3,12,0.6,9,36,Good,36,PM10
08-Jun,Royapuram,3,32,0.6,9,36,Good,36,PM10
08-Jun,Manali,10,7,0.6,32,65,Satisfactor,65,PM10
09-Jun,Kodungaiyur,4,15,0.7,9,39,Good,39,PM10
09-Jun,Koyambedu,9,6,-,7,38,Good,38,PM10
09-Jun,Perungudi,4,11,0.6,11,42,Good,42,PM10
09-Jun,Royapuram,4,24,0.6,9,42,Good,42,PM10
09-Jun,Manali,11,7,0.8,28,55,Satisfactory,55,PM10
10-Jun,Kodungaiyur,4,12,0.7,10,45,Good,45,PM10
10-Jun,Koyambedu,8,7,-,13,50,Good,50,PM10
10-Jun,Perungudi,4,11,0.7,11,41,Good,41,PM10
10-Jun,Royapuram,4,24,0.6,12,50,Good,50,PM10
10-Jun,Manali,4,16,0.6,27,56,Satisfactory,56,PM10
11-Jun,Kodungaiyur,3,15,0.7,10,39,Good,39,PM10
11-Jun,Koyambedu,6,6,-,9,43,Good,43,PM10
11-Jun,Perungudi,4,12,0.6,11,46,Good,46,PM10
11-Jun,Royapuram,4,27,0.6,9,53,Satisfactory,53,PM10
11-Jun,Manali,10,7,0.7,22,68,Satisfactory,68,PM10
12-Jun,Kodungaiyur,3,17,0.7,9,35,Good,35,PM10
12-Jun,Koyambedu,6,7,-,10,38,Good,38,PM10
12-Jun,Perungudi,3,17,0.4,11,43,Good,43,PM10
12-Jun,Royapuram,3,33,0.8,14,45,Good,45,PM10
12-Jun,Manali,9,7,0.8,37,74,Satisfactory,74,PM10
13-Jun,Kodungaiyur,3,16,0.7,10,42,Good,42,PM10
13-Jun,Koyambedu,6,8,-,9,44,Good,44,PM10
13-Jun,Perungudi,2,15,0.3,9,42,Good,42,PM10
13-Jun,Royapuram,4,36,0.6,15,58,Satisfactory,58,PM10
13-Jun,Manali,9,6,0.8,22,69,Satisfactory,69,PM10
14-Jun,Kodungaiyur,3,18,0.7,12,51,Satisfactory,51,PM10
14-Jun,Koyambedu,6,8,-,10,44,Good,44,PM10
14-Jun,Perungudi,3,17,0.5,12,51,Satisfactory,51,PM10
14-Jun,Royapuram,4,33,0.7,19,64,Satisfactory,64,PM10
14-Jun,Manali,9,7,0.8,19,24,Good,24,PM10
15-Jun,Kodungaiyur,4,18,0.6,17,72,Satisfactory,72,PM10
15-Jun,Koyambedu,9,7,-,23,76,Satisfactory,76,PM10
15-Jun,Perungudi,3,18,0.5,23,89,Satisfactory,89,PM10
15-Jun,Royapuram,3,28,0.6,23,81,Satisfactory,81,PM10
15-Jun,Manali,8,12,0.6,26,39,Good,39,PM10
16-Jun,Kodungaiyur,3,22,0.7,17,72,Satisfactory,72,PM10
16-Jun,Koyambedu,6,7,-,18,68,Satisfactory,68,PM10
16-Jun,Perungudi,3,17,0.4,20,77,Satisfactory,77,PM10
16-Jun,Royapuram,3,28,0.7,21,79,Satisfactory,79,PM10
16-Jun,Manali,,,,,N/A (PC Issue),,,
17-Jun,Kodungaiyur,3,14,0.7,9,38,Good,38,PM10
17-Jun,Koyambedu,6,5,-,10,33,Good,33,PM10
17-Jun,Perungudi,3,18,0.5,13,52,Satisfactory,52,PM10
17-Jun,Royapuram,3,19,0.5,14,45,Good,45,PM10
17-Jun,Manali,,,,,N/A (PC Issue),,,
18-Jun,Kodungaiyur,4,12,0.5,9,40,Good,40,PM10
18-Jun,Koyambedu,6,7,-,12,44,Good,44,PM10
18-Jun,Perungudi,4,15,0.6,10,42,Good,42,PM10
18-Jun,Royapuram,3,21,0.7,13,47,Good,47,PM10
18-Jun,Manali,,,,,N/A (EB issue),,,
19-Jun,Kodungaiyur,3,11,0.6,7,31,Good,31,PM10
19-Jun,Koyambedu,6,7,-,10,36,Good,36,PM10
19-Jun,Perungudi,4,15,0.6,16,39,Good,39,PM10
19-Jun,Royapuram,4,21,0.7,8,47,Good,47,PM10
19-Jun,Manali,7,10,0.6,35,47,Satisfactory,58,PM2.5
20-Jun,Kodungaiyur,3,12,0.6,7,32,Good,32,PM10
20-Jun,Koyambedu,6,6,-,8,34,Good,34,PM10
20-Jun,Perungudi,4,15,0.6,10,33,Good,33,PM10
20-Jun,Royapuram,4,24,0.7,10,50,Good,50,PM10
20-Jun,Manali,4,9,0.7,33,50,Good,50,PM10
21-Jun,Kodungaiyur,4,14,0.7,16,59,Satisfactory,59,PM10
21-Jun,Koyambedu,6,6,-,13,44,Good,44,PM10
21-Jun,Perungudi,4,15,0.7,16,49,Good,49,PM10
21-Jun,Royapuram,3,27,0.7,16,59,Satisfactory,59,PM10
21-Jun,Manali,,,,,N/A ( EB Issue ),,,
22-Jun,Kodungaiyur,3,15,0.7,11,48,Good,48,PM10
22-Jun,Koyambedu,5,8,-,11,45,Good,45,PM10
22-Jun,Perungudi,5,15,0.6,16,49,Good,49,PM10
22-Jun,Royapuram,4,28,0.7,14,62,Satisfactory,62,PM10
22-Jun,Manali,7,8,0.7,24,62,Satisfactory,62,PM10
23-Jun,Kodungaiyur,4,12,0.7,9,38,Good,38,PM10
23-Jun,Koyambedu,8,5,_,13,42,Good,42,PM10
23-Jun,Perungudi,4,14,0.6,14,51,Satisfactory,51,PM10
23-Jun,Royapuram,3,22,_,17,62,Satisfactory,62,PM10
23-Jun,Manali,9,5,0.7,32,54,Satisfactory,54,PM10
24-Jun,Kodungaiyur,3,12,0.6,10,42,Good,42,PM10
24-Jun,Koyambedu,8,6,-,12,47,Good,47,PM10
24-Jun,Perungudi,4,15,0.6,14,48,Good,48,PM10
24-Jun,Royapuram,3,20,0.6,15,47,Good,47,PM10
24-Jun,Manali,,,,,N/A (PC Issue),,,
25-Jun,Kodungaiyur,3,13,0.5,10,45,Good,45,PM10
25-Jun,Koyambedu,7,6,-,10,49,Good,49,PM10
25-Jun,Perungudi,4,13,0.6,14,65,Satisfactory,65,PM10
25-Jun,Royapuram,4,22,0.6,12,55,Satisfactory,55,PM10
25-Jun,Manali,10,6,0.6,30,62,Satisfactory,62,PM10
26-Jun,Kodungaiyur,4,15,0.6,11,43,Good,43,PM10
26-Jun,Koyambedu,7,6,-,11,45,Good,45,PM10
26-Jun,Perungudi,4,14,0.6,14,69,Satisfactory,69,PM10
26-Jun,Royapuram,3,25,0.6,13,50,Good,50,PM10
26-Jun,Manali,11,8,0.7,27,65,Satisfactory,65,PM10
27-Jun,Kodungaiyur,4,15,0.6,10,49,Good,49,PM10
27-Jun,Koyambedu,7,6,-,11,51,Satisfactory,51,PM10
27-Jun,Perungudi,4,15,0.7,13,69,Satisfactory,69,PM10
27-Jun,Royapuram,4,27,0.8,15,72,Satisfactory,72,PM10
27-Jun,Manali,8,8,0.7,20,56,Satisfactory,56,PM10
28-Jun,Kodungaiyur,4,15,0.6,13,57,Satisfactory,57,PM10
28-Jun,Koyambedu,6,5,-,8,49,Good,49,PM10
28-Jun,Perungudi,3,15,0.6,13,85,Satisfactory,85,PM10
28-Jun,Royapuram,4,25,0.8,14,72,Satisfactory,72,PM10
28-Jun,Manali,8,8,0.6,22,54,Satisfactory,54,PM10
29-Jun,Kodungaiyur,3,14,0.6,14,65,Satisfactory,65,PM10
29-Jun,Koyambedu,8,10,-,12,59,Satisfactory,65,PM10
29-Jun,Perungudi,5,16,0.6,16,86,Satisfactory,86,PM10
29-Jun,Royapuram,3,16,0.6,14,64,Satisfactory,64,PM10
29-Jun,Manali,9,10,0.6,24,70,Satisfactory,70,PM10
30-Jun,Kodungaiyur,4,12,0.6,13,53,Satisfactory,53,PM10
30-Jun,Koyambedu,10,6,-,13,52,Satisfactory,52,PM10
30-Jun,Perungudi,4,15,0.6,17,82,Satisfactory,82,PM10
30-Jun,Royapuram,3,15,0.6,14,50,Good,50,PM10
30-Jun,Manali,8,9,0.7,37,55,Satisfactory,55,PM10
01-Jul,Kodungaiyur,4,12,0.6,11,44,Good,44,PM10
01-Jul,Koyambedu,10,6,-,13,43,Good,43,PM10
01-Jul,Perungudi,4,13,0.6,13,65,Satisfactory,65,PM10
01-Jul,Royapuram,4,13,0.6,12,38,Good,38,PM10
01-Jul,Manali,8,9,0.7,34,59,Satisfactory,59,PM10
02-Jul,Kodungaiyur,4,17,0.7,14,67,Satisfactory,67,PM10
02-Jul,Koyambedu,9,8,-,19,58,Satisfactory,58,PM10
02-Jul,Perungudi,4,13,0.6,17,81,Satisfactory,81,PM10
02-Jul,Royapuram,4,19,0.7,21,65,Satisfactory,65,PM10
02-Jul,Manali,9,9,0.7,32,62,Satisfactory,62,PM10
03-Jul,Kodungaiyur,5,15,0.6,14,67,Satisfactory,67,PM10
03-Jul,Koyambedu,7,6,-,11,53,Satisfactory,53,PM10
03-Jul,Perungudi,5,18,0.6,13,69,Satisfactory,69,PM10
03-Jul,Royapuram,3,20,0.6,13,62,Satisfactory,62,PM10
03-Jul,Manali,9,6,0.6,29,54,Satisfactory,54,PM10
04-Jul,Kodungaiyur,3,15,0.6,9,41,Good,41,PM10
04-Jul,Koyambedu,6,7,-,12,43,Good,43,PM10
04-Jul,Perungudi,4,12,0.6,15,48,Good,48,PM10
04-Jul,Royapuram,5,29,0.6,16,45,Good,45,PM10
04-Jul,Manali,8,5,0.7,35,55,Satisfactory,58,PM2.5
05-Jul,Kodungaiyur,3,16,0.6,12,50,,50,PM10
05-Jul,Koyambedu,6,6,0.4,12,52,Satisfactory,52,PM10
05-Jul,Perungudi,,,,,N/A (EB Power supply issue),,,
05-Jul,Royapuram,4,26,0.5,15,55,,55,PM10
05-Jul,Manali,8,8,0.6,32,62,Satisfactory,62,PM10
06-Jul,Kodungaiyur,4,18,0.6,12,46,Good,46,PM10
06-Jul,Koyambedu,7,8,-,18,44,Good,44,PM10
06-Jul,Perungudi,,,,,N/A PC Problem,,,
06-Jul,Royapuram,4,34,0.6,17,47,Good,47,PM10
06-Jul,Manali,7,10,0.6,35,47,Satisfactory,47,PM10
07-Jul,Kodungaiyur,3,18,0.7,13,56,Satisfactory,56,PM10
07-Jul,Koyambedu,6,7,-,15,59,Satisfactory,59,PM10
07-Jul,Perungudi,4,20,0.7,14,58,Satisfactory,58,PM10
07-Jul,Royapuram,3,27,0.6,16,54,Satisfactory,54,PM10
07-Jul,Manali,,,,,N/A (PC Issue),,,
08-Jul,Kodungaiyur,4,13,0.6,9,33,Good,33,PM10
08-Jul,Koyambedu,6,7,-,12,33,Good,33,PM10
08-Jul,Perungudi,4,16,0.6,14,42,Good,42,PM10
08-Jul,Royapuram,4,31,0.7,15,43,Good,43,PM10
08-Jul,Manali,8,6,0.9,38,65,Satisfactory,65,PM10
09-Jul,Kodungaiyur,5,20,0.8,13,53,Satisfactory,53,PM10
09-Jul,Koyambedu,7,8,-,18,56,Satisfactory,56,PM10
09-Jul,Perungudi,4,18,0.7,20,52,Satisfactory,52,PM10
09-Jul,Royapuram,4,34,0.8,20,59,Satisfactory,59,PM10
09-Jul,Manali,11,5,0.8,28,55,Satisfactory,55,PM10
10-Jul,Kodungaiyur,5,14,0.6,13,55,Satisfactory,55,PM10
10-Jul,Koyambedu,7,6,-,16,60,Satisfactory,60,PM10
10-Jul,Perungudi,4,18,0.6,15,55,Satisfactory,55,PM10
10-Jul,Royapuram,4,26,0.5,15,59,Satisfactory,59,PM10
10-Jul,Manali,13,8,0.8,40,63,Satisfactory,67,PM10
11-Jul,Kodungaiyur,4,17,0.6,11,42,Good,42,PM10
11-Jul,Koyambedu,6,8,-,15,43,Good,43,PM10
11-Jul,Perungudi,4,14,0.6,15,51,Satisfactory,51,PM10
11-Jul,Royapuram,4,31,0.7,19,48,Good,48,PM10
11-Jul,Manali,11,7,0.8,35,62,Satisfactory,62,PM10
12-Jul,Kodungaiyur,5,14,0.6,13,50,Satisfactory,50,PM10
12-Jul,Koyambedu,7,6,-,21,64,Satisfactory,64,PM10
12-Jul,Perungudi,4,14,0.6,22,67,Satisfactory,67,PM10
12-Jul,Royapuram,3,26,0.6,22,56,Satisfactory,56,PM10
12-Jul,Manali,12,15,0.6,53,82,Satisfactory,82,PM10
13-Jul,Kodungaiyur,4,12,0.6,9,29,Good,29,PM10
13-Jul,Koyambedu,6,6,-,11,33,Good,33,PM10
13-Jul,Perungudi,4,13,0.6,8,33,Good,33,PM10
13-Jul,Royapuram,4,25,0.6,9,29,Good,29,PM10
13-Jul,Manali,10,12,0.6,28,66,Satisfactory,66,PM10
14-Jul,Kodungaiyur,4,19,0.6,13,49,Good,49,PM10
14-Jul,Koyambedu,7,7,-,16,51,Satisfactory,51,PM10
14-Jul,Perungudi,4,13,0.7,19,53,Satisfactory,53,PM10
14-Jul,Royapuram,6,30,0.7,17,50,Good,50,PM10
14-Jul,Manali,9,7,0.7,31,59,Satisfactory,59,PM10
15-Jul,Kodungaiyur,5,17,0.6,10,31,Good,31,PM10
15-Jul,Koyambedu,7,6,-,14,34,Good,34,PM10
15-Jul,Perungudi,4,15,0.5,10,29,Good,29,PM10
15-Jul,Royapuram,6,30,0.7,14,33,Good,33,PM10
15-Jul,Manali,9,10,0.7,35,61,Satisfactory,61,PM10
16-Jul,Kodungaiyur,5,15,0.6,8,30,Good,30,PM10
16-Jul,Koyambedu,6,7,-,7,28,Good,28,PM10
16-Jul,Perungudi,4,13,0.6,7,25,Good,31,PM10
16-Jul,Royapuram,6,30,0.5,9,42,Good,42,PM10
16-Jul,Manali,10,1,0.9,22,51,Moderate,51,PM10
17-Jul,Kodungaiyur,5,15,0.7,12,46,Good,46,PM10
17-Jul,Koyambedu,7,7,-,10,48,Good,48,PM10
17-Jul,Perungudi,4,14,0.6,11,44,Good,44,PM10
17-Jul,Royapuram,6,30,0.8,12,58,Satisfactory,58,PM10
17-Jul,Manali,10,19,0.7,28,70,Satisfactory,70,PM10
18-Jul,Kodungaiyur,4,15,0.6,9,43,Good,43,PM10
18-Jul,Koyambedu,6,5,-,7,45,Good,45,PM10
18-Jul,Perungudi,3,15,0.6,10,77,Satisfactory,77,PM10
18-Jul,Royapuram,5,29,0.6,12,55,Satisfactory,55,PM10
18-Jul,Manali,10,8,0.8,28,53,Satisfactory,53,PM10
19-Jul,Kodungaiyur,4,16,0.5,8,33,,33,PM10
19-Jul,Koyambedu,6,5,0.4,6,32,Good,32,PM10
19-Jul,Perungudi,4,16,0.4,13,40,Good,40,PM10
19-Jul,Royapuram,7,31,0.5,9,44,,44,PM10
19-Jul,Manali,16,13,0.6,29,84,Satisfactory,84,PM10
20-Jul,Kodungaiyur,5,16,0.6,10,47,Good,47,PM10
20-Jul,Koyambedu,6,5,-,9,45,Good,45,PM10
20-Jul,Perungudi,5,16,0.6,15,53,Satisfactory,53,PM10
20-Jul,Royapuram,6,28,0.7,12,59,Satisfactory,59,PM10
20-Jul,Manali,10,28,0.8,22,54,Satisfactory,54,PM10
21-Jul,Kodungaiyur,4,18,0.7,18,82,Satisfactory,82,PM10
21-Jul,Koyambedu,6,7,-,11,72,Satisfactory,72,PM10
21-Jul,Perungudi,4,18,0.6,15,79,Satisfactory,79,PM10
21-Jul,Royapuram,7,12,0.8,12,91,Satisfactory,91,PM10
21-Jul,Manali,10,11,0.8,30,63,Satisfactory,63,PM10
22-Jul,Kodungaiyur,5,12,0.6,11,50,Good,50,PM10
22-Jul,Koyambedu,6,5,-,8,52,Satisfactory,52,PM10
22-Jul,Perungudi,5,17,0.6,13,75,Satisfactory,75,PM10
22-Jul,Royapuram,6,25,0.7,15,58,Satisfactory,58,PM10
22-Jul,Manali,9,12,0.9,28,70,Satisfactory,70,PM10
23-Jul,Kodungaiyur,4,18,0.7,15,66,Satisfactory,66,PM10
23-Jul,Koyambedu,6,8,-,13,58,Satisfactory,58,PM10
23-Jul,Perungudi,4,20,0.7,14,79,Satisfactory,79,PM10
23-Jul,Royapuram,7,32,0.8,14,72,Satisfactory,72,PM10
23-Jul,Manali,9,12,0.9,28,70,Satisfactory,70,PM10
24-Jul,Kodungaiyur,4,16,0.6,9,44,,44,PM10
24-Jul,Koyambedu,7,10,-,9,38,Good,38,PM10
24-Jul,Perungudi,5,17,0.5,12,66,Satisfactory,66,PM10
24-Jul,Royapuram,5,32,0.6,12,50,,50,PM10
24-Jul,Manali,11,33,0.8,18,68,Satisfactory,68,PM10
25-Jul,Kodungaiyur,4,15,0.7,11,55,Satisfactory,55,PM10
25-Jul,Koyambedu,6,11,-,12,56,Satisfactory,56,PM10
25-Jul,Perungudi,4,19,0.7,12,81,Satisfactory,81,PM10
25-Jul,Royapuram,6,31,0.8,14,66,Satisfactory,66,PM10
25-Jul,Manali,10,7,0.8,21,66,Satisfactory,66,PM10
26-Jul,Kodungaiyur,5,13,0.7,9,44,,44,PM10
26-Jul,Koyambedu,6,9,-,36,49,Good,49,PM10
26-Jul,Perungudi,4,18,0.7,9,65,Satisfactory,65,PM10
26-Jul,Royapuram,7,27,0.8,10,55,,55,PM10
26-Jul,Manali,10,9,0.9,22,69,Satisfactory,69,PM10
27-Jul,Kodungaiyur,23,26,0.6,10,50,Satisfactory,50,PM10
27-Jul,Koyambedu,6,10,-,13,49,Good,49,PM10
27-Jul,Perungudi,4,16,0.6,9,66,Satisfactory,66,PM10
27-Jul,Royapuram,8,28,0.7,12,61,Satisfactory,61,PM10
27-Jul,Manali,8,8,0.5,23,82,Satisfactory,82,PM10
28-Jul,Kodungaiyur,13,12,0.6,13,66,Satisfactory,66,PM10
28-Jul,Koyambedu,6,9,-,13,71,Satisfactory,71,PM10
28-Jul,Perungudi,4,16,0.6,13,81,Satisfactory,81,PM10
28-Jul,Royapuram,6,23,0.7,13,71,Satisfactory,71,PM10
28-Jul,Manali,9,8,0.5,22,70,Satisfactory,70,PM10
29-Jul,Kodungaiyur,20,15,0.6,14,59,Satisfactory,59,PM10
29-Jul,Koyambedu,6,8,-,10,59,Satisfactory,59,PM10
29-Jul,Perungudi,4,17,0.6,12,70,Satisfactory,70,PM10
29-Jul,Royapuram,4,25,0.4,14,66,Satisfactory,66,PM10
29-Jul,Manali,9,30,0.6,25,85,Satisfactory,85,PM10
30-Jul,Kodungaiyur,12,25,0.7,11,49,Good,49,PM10
30-Jul,Koyambedu,7,9,-,16,58,Satisfactory,58,PM10
30-Jul,Perungudi,4,16,0.6,18,91,Satisfactory,91,PM10
30-Jul,Royapuram,6,30,0.4,18,69,Satisfactory,69,PM10
30-Jul,Manali,9,14,0.6,24,68,Satisfactory,68,PM10
31-Jul,Kodungaiyur,12,16,0.7,9,40,Good,40,PM10
31-Jul,Koyambedu,5,9,-,12,43,Good,43,PM10
31-Jul,Perungudi,4,14,0.6,13,67,Satisfactory,67,PM10
31-Jul,Royapuram,6,29,0.2,12,44,Good,44,PM10
31-Jul,Manali,8,11,0.6,23,58,Satisfactory,58,PM10
01-Aug,Kodungaiyur,12,14,0.6,12,50,Good,50,PM10
01-Aug,Koyambedu,6,9,-,14,53,Satisfactory,53,PM10
01-Aug,Perungudi,3,15,0.6,18,99,Satisfactory,99,PM10
01-Aug,Royapuram,6,30,0.3,13,52,Satisfactory,52,PM10
01-Aug,Manali,9,5,0.5,26,69,Satisfactory,69,PM10
02-Aug,Kodungaiyur,3,13,0.6,10,45,Good,45,PM10
02-Aug,Koyambedu,6,9,-,14,48,Good,48,PM10
02-Aug,Perungudi,4,14,0.7,19,77,Satisfactory,77,PM10
02-Aug,Royapuram,6,30,0.5,14,50,Good,50,PM10
02-Aug,Manali,8,13,0.6,22,70,Satisfactory,70,PM10
03-Aug,Kodungaiyur,32,35,0.6,12,45,Good,45,PM10
03-Aug,Koyambedu,7,9,-,16,53,Satisfactory,53,PM10
03-Aug,Perungudi,5,17,0.7,17,48,Good,48,PM10
03-Aug,Royapuram,5,31,0.2,13,44,Good,44,PM10
03-Aug,Manali,7,16,0.6,40,60,Satisfactory,60,PM10
04-Aug,Kodungaiyur,11,14,0.6,8,37,Good,37,PM10
04-Aug,Koyambedu,5,9,-,10,40,Good,40,PM10
04-Aug,Perungudi,5,15,0.6,10,35,Good,35,PM10
04-Aug,Royapuram,5,30,0.3,12,40,Good,40,PM10
04-Aug,Manali,15,17,0.6,23,47,Good,47,PM10
05-Aug,Kodungaiyur,15,16,0.5,7,28,Good,28,PM10
05-Aug,Koyambedu,6,9,-,13,40,Good,40,PM10
05-Aug,Perungudi,3,14,0.6,12,33,Good,33,PM10
05-Aug,Royapuram,6,13,0.3,15,31,Good,31,PM10
05-Aug,Manali,8,5,0.7,30,57,Satisfactory,57,PM10
06-Aug,Kodungaiyur,13,14,0.6,7,30,Good,30,PM10
06-Aug,Koyambedu,6,9,-,10,36,Good,36,PM10
06-Aug,Perungudi,4,13,0.6,8,33,Good,33,PM10
06-Aug,Royapuram,6,33,0.3,11,40,Good,40,PM10
06-Aug,Manali,12,10,0.6,28,70,Satisfactory,70,PM10
07-Aug,Kodungaiyur,22,15,0.5,6,28,Good,28,PM10
07-Aug,Koyambedu,6,10,-,11,28,Good,28,PM10
07-Aug,Perungudi,4,14,0.4,6,23,Good,23,PM10
07-Aug,Royapuram,5,37,0.3,14,31,Good,31,PM10
07-Aug,Manali,13,10,0.6,25,56,Satisfactory,56,PM10
08-Aug,Kodungaiyur,20,17,0.6,10,38,Good,38,PM10
08-Aug,Koyambedu,6,9,-,15,41,Good,41,PM10
08-Aug,Perungudi,5,12,0.7,9,36,Good,36,PM10
08-Aug,Royapuram,5,12,0.2,14,36,Good,36,PM10
08-Aug,Manali,11,6,0.6,28,60,Satisfactory,60,PM10
09-Aug,Kodungaiyur,20,22,0.6,8,38,Good,38,PM10
09-Aug,Koyambedu,6,9,-,13,39,Good,39,PM10
09-Aug,Perungudi,4,11,0.6,6,26,Good,26,PM10
09-Aug,Royapuram,5,29,0.6,11,36,Good,36,PM10
09-Aug,Manali,13,3,0.6,27,46,Good,46,PM10
10-Aug,Kodungaiyur,16,22,0.7,7,31,Good,31,PM10
10-Aug,Koyambedu,6,11,-,14,32,Good,32,PM10
10-Aug,Perungudi,4,11,-,8,35,Good,35,PM10
10-Aug,Royapuram,7,30,0.7,13,34,Good,34,PM10
10-Aug,Manali,6,8,0.6,26,51,Satisfactory,51,PM10
11-Aug,Kodungaiyur,13,15,0.6,11,50,Good,50,PM10
11-Aug,Koyambedu,7,8,-,18,57,Satisfactory,57,PM10
11-Aug,Perungudi,4,10,0.6,10,48,Good,48,PM10
11-Aug,Royapuram,6,25,0.7,13,41,Good,41,PM10
11-Aug,Manali,12,7,0.6,30,66,Satisfactory,66,PM10
12-Aug,Kodungaiyur,12,10,0.6,8,36,Good,36,PM10
12-Aug,Koyambedu,6,8,-,15,38,Good,38,PM10
12-Aug,Perungudi,5,10,0.6,7,36,Good,36,PM10
12-Aug,Royapuram,7,16,0.5,10,37,Good,37,PM10
12-Aug,Manali,11,8,0.5,24,60,Satisfactory,60,PM10
13-Aug,Kodungaiyur,15,12,0.6,10,38,Good,38,PM10
13-Aug,Koyambedu,6,8,-,20,44,Good,44,PM10
13-Aug,Perungudi,4,11,0.6,7,47,Good,47,PM10
13-Aug,Royapuram,7,25,0.7,11,35,Good,35,PM10
13-Aug,Manali,12,8,0.6,34,61,Satisfactory,61,PM10
14-Aug,Kodungaiyur,11,9,0.4,6,21,Good,21,PM10
14-Aug,Koyambedu,5,4,-,7,29,Good,29,PM10
14-Aug,Perungudi,5,11,0.6,7,35,Good,35,PM10
14-Aug,Royapuram,4,10,0.3,5,16,Good,16,PM10
14-Aug,Manali,13,9,0.5,26,48,Good,48,PM10
15-Aug,Kodungaiyur,11,9,0.3,4,19,Good,19,PM10
15-Aug,Koyambedu,5,3,-,5,19,Good,19,PM10
15-Aug,Perungudi,5,11,0.4,8,20,Good,20,PM10
15-Aug,Royapuram,4,18,0.3,4,16,Good,16,PM10
15-Aug,Manali,12,5,0.5,13,40,Good,40,PM10
16-Aug,Kodungaiyur,12,10,0.3,5,23,Good,23,PM10
16-Aug,Koyambedu,5,4,-,6,25,Good,25,PM10
16-Aug,Perungudi,5,11,0.5,6,30,Good,30,PM10
16-Aug,Royapuram,4,15,0.4,6,28,Good,28,PM10
16-Aug,Manali,12,10,0.5,18,44,Good,44,PM10
17-Aug,Kodungaiyur,11,10,0.5,7,27,Good,27,PM10
17-Aug,Koyambedu,5,4,-,7,32,Good,32,PM10
17-Aug,Perungudi,5,10,0.5,10,35,Good,35,PM10
17-Aug,Royapuram,6,16,0.4,6,24,Good,24,PM10
17-Aug,Manali,13,10,0.5,24,53,Satisfactory,53,PM10
18-Aug,Kodungaiyur,12,11,0.4,5,31,Good,31,PM10
18-Aug,Koyambedu,6,3,-,10,32,Good,32,PM10
18-Aug,Perungudi,4,10,0.5,7,38,Good,38,PM10
18-Aug,Royapuram,5,19,0.6,11,32,Good,32,PM10
18-Aug,Manali,,,,,N/A (EB Issue),,,
19-Aug,Kodungaiyur,9,8,0.6,6,31,Good,31,PM10
19-Aug,Koyambedu,7,3,-,12,36,Good,36,PM10
19-Aug,Perungudi,4,10,0.5,12,42,Good,42,PM10
19-Aug,Royapuram,6,21,0.6,11,33,Good,33,PM10
19-Aug,Manali,10,6,0.9,53,126,Moderate,117,PM10
20-Aug,Kodungaiyur,12,13,0.6,6,34,Good,34,PM10
20-Aug,Koyambedu,7,5,-,11,47,Good,47,PM10
20-Aug,Perungudi,5,10,0.6,9,40,Good,40,PM10
20-Aug,Royapuram,6,20,0.6,9,36,Good,36,PM10
20-Aug,Manali,11,8,0.4,24,54,Satisfactory,54,PM10
21-Aug,Kodungaiyur,10,12,0.5,7,28,Good,28,PM10
21-Aug,Koyambedu,8,4,-,8,39,Good,39,PM10
21-Aug,Perungudi,4,9,0.5,6,43,Good,43,PM10
21-Aug,Royapuram,5,18,0.5,9,40,Good,40,PM10
21-Aug,Manali,11,9,0.5,23,49,Good,49,PM10
23-Aug,Kodungaiyur,25,31,0.7,8,41,,41,PM10
23-Aug,Koyambedu,10,121,-,11,52,Satisfactory,52,PM10
23-Aug,Perungudi,5,9,0.6,10,45,Good,45,PM10
23-Aug,Royapuram,7,21,0.7,10,46,Good,46,PM10
23-Aug,Manali,14,2,0.6,46,89,,89,PM10
24-Aug,Kodungaiyur,5,13,0.6,8,48,,48,PM10
24-Aug,Koyambedu,7,5,-,7,51,Satisfactory,51,PM10
24-Aug,Perungudi,4,5,0.6,9,53,Satisfactory,53,PM10
24-Aug,Royapuram,3,24,0.7,10,49,Good,49,PM10
24-Aug,Manali,13,2,0.5,26,62,Satisfactory,62,PM10
25-Aug,Kodungaiyur,4,15,0.7,10,58,Satisfactory,58,PM10
25-Aug,Koyambedu,7,4,-,13,57,Satisfactory,57,PM10
25-Aug,Perungudi,4,4,0.6,10,83,Satisfactory,83,PM10
25-Aug,Royapuram,4,16,0.7,11,58,Satisfactory,58,PM10
25-Aug,Manali,15,9,0.5,22,74,Satisfactory,74,PM10
26-Aug,Kodungaiyur,12,11,0.5,10,46,Good,46,PM10
26-Aug,Koyambedu,6,4,-,9,45,Good,45,PM10
26-Aug,Perungudi,4,11,0.6,10,64,Satisfactory,64,PM10
26-Aug,Royapuram,3,24,0.7,11,52,Satisfactory,52,PM10
26-Aug,Manali,15,6,0.5,19,51,Satisfactory,51,PM10
27-Aug,Kodungaiyur,32,13,0.6,8,48,Good,48,PM10
27-Aug,Koyambedu,6,5,-,11,50,Good,50,PM10
27-Aug,Perungudi,5,13,0.6,11,64,Satisfactory,64,PM10
27-Aug,Royapuram,10,18,0.8,11,54,Satisfactory,54,PM10
27-Aug,Manali,11,8,0.5,24,55,Satisfactory,55,PM10
28-Aug,Kodungaiyur,12,13,0.6,8,48,Good,48,PM10
28-Aug,Koyambedu,6,5,-,11,50,Good,50,PM10
28-Aug,Perungudi,4,14,0.6,13,58,Satisfactory,58,PM10
28-Aug,Royapuram,4,13,0.9,18,53,Satisfactory,53,PM10
28-Aug,Manali,13,7,0.5,33,59,Satisfactory,59,PM10
29-Aug,Kodungaiyur,20,17,0.7,10,41,Good,41,PM10
29-Aug,Koyambedu,6,6,-,18,50,Good,50,PM10
29-Aug,Perungudi,4,14,0.7,15,56,Satisfactory,56,PM10
29-Aug,Royapuram,4,29,0.8,14,51,Satisfactory,51,PM10
29-Aug,Manali,16,10,0.7,30,51,Satisfactory,51,PM10
30-Aug,Kodungaiyur,11,16,0.6,11,33,Good,33,PM10
30-Aug,Koyambedu,6,7,-,14,52,Satisfactory,52,PM10
30-Aug,Perungudi,4,16,0.6,12,57,Satisfactory,57,PM10
30-Aug,Royapuram,4,25,0.9,20,79,Satisfactory,79,PM10
30-Aug,Manali,15,10,0.6,22,53,Satisfactory,53,PM10
31-Aug,Kodungaiyur,10,12,0.5,8,28,Good,28,PM10
31-Aug,Koyambedu,6,7,-,14,38,Good,38,PM10
31-Aug,Perungudi,3,17,0.6,13,44,Good,44,PM10
31-Aug,Royapuram,3,37,0.7,14,41,Good,41,PM10
31-Aug,Manali,14,15,0.5,29,38,Good,38,PM10
